Manufacturer,Series,Part_Number,Inductance_uH,DCR_typ_mOhm,DCR_max_mOhm,Isat_10pct_A,Isat_20pct_A,Isat_30pct_A,Itemp_40K,Length_max_mm,Width_max_mm,Height_max_mm,Size_Code,Volume,Rp_Ohm,Rs_spice_Ohm,ls1,lsb11,rlsb11,lsc11,rlsc11,rls11,cpb11,rcpb11,cp11,rcp11,rp1,rs1,cp1,rcp1,cpb1,rcpb1,lwira1,lwa1,rwa1,lwb1,rwb1,lwc1,rwc1,ka1,lsd11,rlsd11
TDK,SPM12565VT,SPM12565VT-1R5M-D,1.5,2.8,3.08,,32.8,44.2,22.3,13.4,12.9,6.5,1307,1123.59,,,,,,,,,,,,,,,,,,,,,,,,,,,,
TDK,SPM12565VT,SPM12565VT-2R2M-D,2.2,3.4,3.74,,32.8,44.5,20.2,13.4,12.9,6.5,1307,1123.59,,,,,,,,,,,,,,,,,,,,,,,,,,,,
TDK,SPM12565VT,SPM12565VT-3R3M-D,3.3,4.9,5.39,,25.5,34.6,16.8,13.4,12.9,6.5,1307,1123.59,,,,,,,,,,,,,,,,,,,,,,,,,,,,
TDK,SPM12565VT,SPM12565VT-4R7M-D,4.7,7.1,7.81,,22.2,30.1,14.0,13.4,12.9,6.5,1307,1123.59,,,,,,,,,,,,,,,,,,,,,,,,,,,,
TDK,SPM12565VT,SPM12565VT-6R8M-D,6.8,10.3,11.33,,20.9,28.5,11.6,13.4,12.9,6.5,1307,1123.59,,,,,,,,,,,,,,,,,,,,,,,,,,,,
TDK,SPM12565VT,SPM12565VT-100M-D,10.0,17.0,18.7,,16.7,22.7,9.0,13.4,12.9,6.5,1307,1123.59,,,,,,,,,,,,,,,,,,,,,,,,,,,,
TDK,SPM12565VT,SPM12565VT-150M-D,15.0,20.9,22.99,,10.6,14.2,8.5,13.4,12.9,6.5,1307,1123.59,,,,,,,,,,,,,,,,,,,,,,,,,,,,
TDK,SPM12565VT,SPM12565VT-220M-D,22.0,31.0,34.1,,10.4,14.1,6.9,13.4,12.9,6.5,1307,1123.59,,,,,,,,,,,,,,,,,,,,,,,,,,,,
TDK,SPM12565VT,SPM12565VT-1R0M-D,1.0,2.2,2.42,,41.4,55.7,25.0,12.5,13.0,6.5,1307,1056.25,,,,,,,,,,,,,,,,,,,,,,,,,,,,
Wurth Elektronik,HCF,7443642010100,1.0,,0.92,49.0,,56.0,,19.8,19.1,10.0,2010,3781.8,265.601,0.84,,,,,,,,,,,,,,,,,,,,,,,,,,
Wurth Elektronik,HCF,7443642010120,1.2,,0.92,42.5,,47.0,,19.8,19.1,10.0,2010,3781.8,271.844,0.84,,,,,,,,,,,,,,,,,,,,,,,,,,
Wurth Elektronik,HCF,7443642010200,2.0,,0.92,25.5,,30.0,,19.8,19.1,10.0,2010,3781.8,308.651,0.84,,,,,,,,,,,,,,,,,,,,,,,,,,
Wurth Elektronik,HCF,7443630070,0.7,,0.91,63.0,,75.0,,20.8,20.5,13.5,2013,5756.4,280.93,0.000829,,,,,,,,,,,,,,,,,,,,,,,,,,
Wurth Elektronik,HCF,7443630140,1.4,,1.19,55.0,,60.0,,20.8,20.5,13.5,2013,5756.4,525.687,0.001083,,,,,,,,,,,,,,,,,,,,,,,,,,
Wurth Elektronik,HCF,7443630220,2.2,,1.65,47.0,,52.0,,20.8,20.5,13.5,2013,5756.4,830.152,0.0015,,,,,,,,,,,,,,,,,,,,,,,,,,
Wurth Elektronik,HCF,7443630310,3.1,,2.3,41.0,,45.0,,20.8,20.5,13.5,2013,5756.4,1379.0,0.002085,,,,,,,,,,,,,,,,,,,,,,,,,,
Wurth Elektronik,HCF,7443630420,4.2,,3.34,34.0,,38.0,,20.8,20.5,13.5,2013,5756.4,1709.0,0.003038,,,,,,,,,,,,,,,,,,,,,,,,,,
Wurth Elektronik,HCF,7443630550,5.5,,4.4,30.0,,33.0,,20.8,20.5,13.5,2013,5756.4,2374.0,0.004,,,,,,,,,,,,,,,,,,,,,,,,,,
Wurth Elektronik,HCF,7443630700,7.0,,6.17,27.0,,30.0,,20.8,20.5,13.5,2013,5756.4,3136.0,0.005608,,,,,,,,,,,,,,,,,,,,,,,,,,
Wurth Elektronik,HCF,7443630860,8.6,,7.91,23.5,,25.0,,20.8,20.5,13.5,2013,5756.4,3955.0,0.007186,,,,,,,,,,,,,,,,,,,,,,,,,,
Wurth Elektronik,HCF,7443631000,10.0,,8.76,22.0,,23.0,,20.8,20.5,13.5,2013,5756.4,4405.0,0.00796,,,,,,,,,,,,,,,,,,,,,,,,,,
Wurth Elektronik,HCF,7443631500,15.0,,9.57,19.0,,21.0,,20.8,20.5,13.5,2013,5756.4,6395.0,0.0087,,,,,,,,,,,,,,,,,,,,,,,,,,
Wurth Elektronik,HCF,7443632200,22.0,,11.72,13.0,,15.0,,20.8,20.5,13.5,2013,5756.4,8040.0,0.01065,,,,,,,,,,,,,,,,,,,,,,,,,,
Wurth Elektronik,HCF,7443633300,33.0,,12.54,9.5,,11.0,,20.8,20.5,13.5,2013,5756.4,8318.0,0.0114,,,,,,,,,,,,,,,,,,,,,,,,,,
Wurth Elektronik,HCF,7443634700,47.0,,13.42,7.5,,8.5,,20.8,20.5,13.5,2013,5756.4,11320.0,0.0122,,,,,,,,,,,,,,,,,,,,,,,,,,
Wurth Elektronik,HCF,74436410150,1.5,,1.44,110.0,,125.0,,27.0,28.0,15.4,2815,11642.4,1082.0,0.00133,,,,,,,,,,,,,,,,,,,,,,,,,,
Wurth Elektronik,HCF,74436410220,2.2,,1.44,85.0,,88.5,,27.0,28.0,15.4,2815,11642.4,1034.0,0.00133,,,,,,,,,,,,,,,,,,,,,,,,,,
Wurth Elektronik,HCF,74436410330,3.3,,1.44,57.0,,60.5,,27.0,28.0,15.4,2815,11642.4,1179.0,0.00133,,,,,,,,,,,,,,,,,,,,,,,,,,
Wurth Elektronik,HCF,74436410470,4.7,,1.44,44.0,,48.0,,27.0,28.0,15.4,2815,11642.4,1219.0,0.00133,,,,,,,,,,,,,,,,,,,,,,,,,,
Wurth Elektronik,HCF,74436410680,6.8,,1.44,30.0,,33.0,,27.0,28.0,15.4,2815,11642.4,1214.0,0.00133,,,,,,,,,,,,,,,,,,,,,,,,,,
Wurth Elektronik,HCF,74436411000,10.0,,1.44,20.0,,21.5,,27.0,28.0,15.4,2815,11642.4,1230.0,0.00133,,,,,,,,,,,,,,,,,,,,,,,,,,
Wurth Elektronik,HCF,74436411500,15.0,,1.44,13.0,,14.3,,27.0,28.0,15.4,2815,11642.4,1294.0,0.00133,,,,,,,,,,,,,,,,,,,,,,,,,,
Wurth Elektronik,HCF,74436412200,22.0,,1.44,7.5,,9.5,,27.0,28.0,15.4,2815,11642.4,1395.0,0.00133,,,,,,,,,,,,,,,,,,,,,,,,,,
Wurth Elektronik,HCF,74436413300,33.0,,1.44,4.5,,6.0,,27.0,28.0,15.4,2815,11642.4,1543.0,0.00133,,,,,,,,,,,,,,,,,,,,,,,,,,
Wurth Elektronik,HCF,7443640100B,1.0,,0.48,122.0,,125.0,,27.0,28.0,18.5,2818B,13986.0,389.52,0.00044,,,,,,,,,,,,,,,,,,,,,,,,,,
Wurth Elektronik,HCF,7443640150B,1.5,,0.48,85.0,,91.8,,27.0,28.0,18.5,2818B,13986.0,422.7,0.00044,,,,,,,,,,,,,,,,,,,,,,,,,,
Wurth Elektronik,HCF,7443640330B,3.3,,0.97,61.35,,70.0,,27.0,28.0,18.5,2818B,13986.0,1113.0,0.00044,,,,,,,,,,,,,,,,,,,,,,,,,,
Wurth Elektronik,HCF,7443640470B,4.7,,0.97,43.85,,49.5,,27.0,28.0,18.5,2818B,13986.0,1213.0,0.00044,,,,,,,,,,,,,,,,,,,,,,,,,,
Wurth Elektronik,HCF,7443640680B,6.8,,0.97,31.9,,36.3,,27.0,28.0,18.5,2818B,13986.0,1121.0,0.00044,,,,,,,,,,,,,,,,,,,,,,,,,,
Wurth Elektronik,HCF,7443641000B,10.0,,0.97,22.9,,25.1,,27.0,28.0,18.5,2818B,13986.0,1140.0,0.00044,,,,,,,,,,,,,,,,,,,,,,,,,,
Wurth Elektronik,HCF,7443640330,3.3,,2.64,89.8,,100.0,,27.0,28.0,18.5,2818,13986.0,1120.0,0.0024,,,,,,,,,,,,,,,,,,,,,,,,,,
Wurth Elektronik,HCF,7443640470,4.7,,2.64,70.0,,78.0,,27.0,28.0,18.5,2818,13986.0,1190.0,0.0024,,,,,,,,,,,,,,,,,,,,,,,,,,
Wurth Elektronik,HCF,7443640680,6.8,,2.64,49.8,,55.0,,27.0,28.0,18.5,2818,13986.0,1230.0,0.0024,,,,,,,,,,,,,,,,,,,,,,,,,,
Wurth Elektronik,HCF,7443641000,10.0,,2.64,32.6,,37.0,,27.0,28.0,18.5,2818,13986.0,1310.0,0.0024,,,,,,,,,,,,,,,,,,,,,,,,,,
Wurth Elektronik,HCF,7443641500,15.0,,2.64,22.0,,26.0,,27.0,28.0,18.5,2818,13986.0,1330.0,0.0024,,,,,,,,,,,,,,,,,,,,,,,,,,
Wurth Elektronik,HCF,7443642200,22.0,,2.64,15.5,,18.0,,27.0,28.0,18.5,2818,13986.0,1440.0,0.0024,,,,,,,,,,,,,,,,,,,,,,,,,,
Wurth Elektronik,HCF,7443643300,33.0,,2.64,10.5,,11.5,,27.0,28.0,18.5,2818,13986.0,1470.0,0.0024,,,,,,,,,,,,,,,,,,,,,,,,,,
Wurth Elektronik,HCF,74437429203330,33.0,,16.83,7.0,,16.3,,25.0,28.0,20.5,2920 litz wire,14350.0,6230.0,0.0153,,,,,,,,,,,,,,,,,,,,,,,,,,
Wurth Elektronik,HCF,74437429203470,47.0,,21.23,7.6,,13.5,,25.0,28.0,20.5,2920 litz wire,14350.0,9270.0,0.0193,,,,,,,,,,,,,,,,,,,,,,,,,,
Wurth Elektronik,HCF,74437429203680,68.0,,24.42,6.4,,10.7,,25.0,28.0,20.5,2920 litz wire,14350.0,10735.0,0.0222,,,,,,,,,,,,,,,,,,,,,,,,,,
Wurth Elektronik,HCF,74437429203101,100.0,,39.49,7.5,,9.7,,25.0,28.0,20.5,2920 litz wire,14350.0,18328.0,0.0359,,,,,,,,,,,,,,,,,,,,,,,,,,
Wurth Elektronik,HCF,74437429203151,150.0,,42.74,6.0,,7.8,,25.0,28.0,20.5,2920 litz wire,14350.0,23820.0,0.03885,,,,,,,,,,,,,,,,,,,,,,,,,,
Wurth Elektronik,HCF,74437529203220,22.0,,5.39,7.5,,21.7,,25.0,28.0,20.5,2920 round wire,14350.0,4184.0,0.0049,,,,,,,,,,,,,,,,,,,,,,,,,,
Wurth Elektronik,HCF,74437529203330,33.0,,7.59,6.0,,15.4,,25.0,28.0,20.5,2920 round wire,14350.0,5743.0,0.0069,,,,,,,,,,,,,,,,,,,,,,,,,,
Wurth Elektronik,HCF,74437529203470,47.0,,9.68,6.5,,13.0,,25.0,28.0,20.5,2920 round wire,14350.0,7147.0,0.0088,,,,,,,,,,,,,,,,,,,,,,,,,,
Wurth Elektronik,HCF,74437529203680,68.0,,11.33,7.2,,10.6,,25.0,28.0,20.5,2920 round wire,14350.0,11503.0,0.0103,,,,,,,,,,,,,,,,,,,,,,,,,,
Wurth Elektronik,HCF,74437529203101,100.0,,25.19,7.0,,9.4,,25.0,28.0,20.5,2920 round wire,14350.0,21321.0,0.0229,,,,,,,,,,,,,,,,,,,,,,,,,,
Wurth Elektronik,HCF,74437529203151,150.0,,33.66,5.8,,7.2,,25.0,28.0,20.5,2920 round wire,14350.0,35180.0,0.0306,,,,,,,,,,,,,,,,,,,,,,,,,,
Wurth Elektronik,HCF,74437529203221,220.0,,40.1,4.1,,5.3,,25.0,28.0,20.5,2920 round wire,14350.0,35623.0,0.03645,,,,,,,,,,,,,,,,,,,,,,,,,,
Wurth Elektronik,HCF,74437529203331,330.0,,77.5,4.0,,4.3,,25.0,28.0,20.5,2920 round wire,14350.0,58482.0,0.07045,,,,,,,,,,,,,,,,,,,,,,,,,,
Wurth Elektronik,HCF,74437529203471,470.0,,91.8,3.2,,3.7,,25.0,28.0,20.5,2920 round wire,14350.0,78896.0,0.08345,,,,,,,,,,,,,,,,,,,,,,,,,,
TDK,ERU,B82559A2102A024,1.0,0.45,0.495,,78.5,,54.4,22.8,24.7,12.85,2513,7236.606,825.0,,9.67e-07,2.68e-08,0.0129,7.02e-08,0.0024,0.000423,1.65e-10,271.0,1.17e-11,122.0,825.0,,,,,,,,,,,,,,,
TDK,ERU,B82559A3152A024,1.5,0.65,0.715,,79.3,,47.1,22.8,24.7,12.85,2513,7236.606,1410.0,,1.42e-06,3.96e-08,0.0251,8.39e-08,0.00537,0.000619,5.25e-11,593.0,8.23e-12,67.4,1410.0,,,,,,,,,,,,,,,
TDK,ERU,B82559A4222A024,2.2,0.85,0.935,,67.9,,44.9,22.8,24.7,15.75,2516,8869.77,1560.0,,2.14e-06,2.09e-07,0.00765,1.02e-07,0.0469,0.000816,2.64e-11,1110.0,9.11e-12,49.6,1560.0,,,,,,,,,,,,,,,
TDK,ERU,B82559A5332A024,3.3,1.0,1.1,,58.7,,40.3,22.8,24.7,15.75,2516,8869.77,2700.0,,3.16e-06,2.8e-07,0.00961,1.39e-07,0.0648,0.000989,2.05e-11,1460.0,8.31e-12,28.1,2700.0,,,,,,,,,,,,,,,
TDK,ERU,B82559A6472A024,4.7,1.25,1.375,,46.4,,37.3,22.8,24.7,18.65,2519,10502.934,3180.0,,4.88e-06,2.56e-07,0.104,4.41e-07,0.0154,0.00119,8.15e-12,30.2,1.44e-11,2170.0,3180.0,,,,,,,,,,,,,,,
TDK,ERU,B82559A7682A024,6.8,1.45,1.595,,37.9,,35.0,22.8,24.7,18.65,2519,10502.934,3900.0,,6.16e-06,5.54e-07,0.0215,3.21e-07,0.137,0.00138,1.11e-11,3030.0,8e-12,21.8,3900.0,,,,,,,,,,,,,,,
TDK,ERU,B82559A9103A024,10.0,1.85,2.035,,31.1,,32.1,22.8,24.7,21.7,2522,12220.572,6940.0,,9.79e-06,9e-07,0.038,5.35e-07,0.245,0.00176,8.15e-12,7.02,1.46e-11,2510.0,6940.0,,,,,,,,,,,,,,,
TDK,ERU,B82559A0153A024,15.0,2.8,3.08,,24.6,,25.5,22.8,24.7,18.3,2518,10305.828,22200000000.0,,1.41e-05,9.02e-07,0.274,8.34e-07,0.0253,0.00276,6.5e-09,4800.0,1.17e-11,9.93,22200000000.0,,,,,,,,,,,,,,,
TDK,ERU,B82559A0203A024,20.0,3.4,3.74,,21.5,,24.0,22.8,24.7,21.3,2521,11995.308,50700000000.0,,1.86e-05,1.3e-06,0.0338,1.5e-06,0.44,0.00334,9.27e-12,14.9,5.54e-10,5690.0,50700000000.0,,,,,,,,,,,,,,,
TDK,ERU,B82559A0303A024,30.0,3.6,3.96,,15.7,,22.9,22.8,24.7,21.3,2521,11995.308,14700.0,,2.88e-05,1.61e-06,0.0476,1.75e-06,0.65,0.00363,9.96e-12,6.4,5.11e-12,7610.0,14700.0,,,,,,,,,,,,,,,
Coilcraft,AGP2923,AGP2923-332KL,3.3,2.3,2.6,95.0,104.0,108.0,26.0,27.43,16.97,23.75,2723,11055.319,,,,,,,,,,,,,,,,,,,,,,,,,,,,
Coilcraft,AGP2923,AGP2923-472KL,4.7,2.3,2.6,63.0,69.0,72.0,26.0,27.43,16.97,23.75,2723,11055.319,,,,,,,,,,,,,,,,,,,,,,,,,,,,
Coilcraft,AGP2923,AGP2923-682KL,6.8,2.3,2.6,48.0,53.0,56.0,26.0,27.43,16.97,23.75,2723,11055.319,,,,,,,,,,,,,,,,,,,,,,,,,,,,
Coilcraft,AGP2923,AGP2923-103KL,10.0,2.3,2.6,30.0,34.0,37.0,26.0,27.43,16.97,23.75,2723,11055.319,,,,,,,,,,,,,,,,,,,,,,,,,,,,
Coilcraft,AGP2923,AGP2923-153KL,15.0,2.3,2.6,20.5,23.0,24.5,26.0,27.43,16.97,23.75,2723,11055.319,,,,,,,,,,,,,,,,,,,,,,,,,,,,
Coilcraft,AGP2923,AGP2923-223KL,22.0,2.3,2.6,12.2,14.7,16.4,26.0,27.43,16.97,23.75,2723,11055.319,,,,,,,,,,,,,,,,,,,,,,,,,,,,
Coilcraft,AGP2923,AGP2923-333KL,33.0,2.3,2.6,7.5,9.2,10.3,26.0,27.43,16.97,23.75,2723,11055.319,,,,,,,,,,,,,,,,,,,,,,,,,,,,
