ProID,Info,,time,Value,
GenTime,2009-09-01 06:18:40,,0.0,-0.024,
Record Length,3500 Points,,8.0E-6,-0.016,
Sample Interval,8.0E-6 s,,1.6E-5,0.0,
Trigger Time,1.022 s,,2.4E-5,-0.016,
Source,CH1,,3.2E-5,-0.016,
Vertical Units,(V)/grid,,4.0E-5,-0.024,
Vertical Scale,0.2,,4.8E-5,-0.016,
Vertical Offset,185,,5.6E-5,-0.016,
Horizontal Units,s/grid,,6.4E-5,-0.024,
Horizontal Scale,0.002,,7.2E-5,-0.016,
Probe Atten,10.0,,8.0E-5,-0.024,
,,,8.8E-5,-0.032,
,,,9.6E-5,-0.024,
,,,1.04E-4,-0.024,
,,,1.12E-4,-0.024,
,,,1.2E-4,-0.024,
,,,1.28E-4,-0.024,
,,,1.36E-4,-0.024,
,,,1.44E-4,-0.024,
,,,1.52E-4,-0.024,
,,,1.6E-4,-0.016,
,,,1.68E-4,-0.024,
,,,1.76E-4,-0.024,
,,,1.84E-4,-0.024,
,,,1.92E-4,-0.024,
,,,2.0E-4,-0.024,
,,,2.08E-4,-0.024,
,,,2.16E-4,-0.024,
,,,2.24E-4,-0.024,
,,,2.32E-4,-0.024,
,,,2.4E-4,-0.024,
,,,2.48E-4,-0.024,
,,,2.56E-4,-0.016,
,,,2.64E-4,-0.024,
,,,2.72E-4,-0.016,
,,,2.8E-4,-0.024,
,,,2.88E-4,-0.024,
,,,2.96E-4,-0.016,
,,,3.04E-4,-0.016,
,,,3.12E-4,-0.024,
,,,3.2E-4,-0.032,
,,,3.28E-4,-0.016,
,,,3.36E-4,0.0,
,,,3.44E-4,-0.016,
,,,3.52E-4,-0.016,
,,,3.6E-4,-0.024,
,,,3.68E-4,-0.024,
,,,3.76E-4,-0.024,
,,,3.84E-4,-0.024,
,,,3.92E-4,-0.024,
,,,4.0E-4,-0.008,
,,,4.08E-4,-0.024,
,,,4.16E-4,0.0,
,,,4.24E-4,-0.008,
,,,4.32E-4,0.024,
,,,4.4E-4,-0.016,
,,,4.48E-4,-0.024,
,,,4.56E-4,-0.016,
,,,4.64E-4,-0.024,
,,,4.7199999E-4,-0.024,
,,,4.8E-4,-0.024,
,,,4.88E-4,-0.024,
,,,4.96E-4,-0.016,
,,,5.04E-4,-0.016,
,,,5.12E-4,-0.024,
,,,5.2E-4,-0.024,
,,,5.28E-4,-0.016,
,,,5.36E-4,-0.024,
,,,5.44E-4,-0.024,
,,,5.52E-4,-0.024,
,,,5.6E-4,-0.016,
,,,5.68E-4,-0.024,
,,,5.76E-4,-0.016,
,,,5.84E-4,-0.008,
,,,5.92E-4,-0.016,
,,,5.9999997E-4,-0.016,
,,,6.08E-4,-0.024,
,,,6.16E-4,-0.016,
,,,6.24E-4,-0.016,
,,,6.32E-4,-0.024,
,,,6.4E-4,-0.024,
,,,6.48E-4,-0.016,
,,,6.56E-4,-0.032,
,,,6.64E-4,-0.024,
,,,6.72E-4,-0.024,
,,,6.8E-4,-0.024,
,,,6.88E-4,-0.024,
,,,6.96E-4,-0.024,
,,,7.04E-4,-0.024,
,,,7.12E-4,-0.024,
,,,7.2E-4,-0.024,
,,,7.28E-4,-0.016,
,,,7.36E-4,-0.024,
,,,7.44E-4,-0.024,
,,,7.52E-4,-0.024,
,,,7.6E-4,-0.024,
,,,7.68E-4,-0.024,
,,,7.76E-4,-0.016,
,,,7.84E-4,-0.024,
,,,7.92E-4,-0.024,
,,,8.0E-4,-0.024,
,,,8.08E-4,-0.024,
,,,8.16E-4,-0.024,
,,,8.24E-4,-0.016,
,,,8.32E-4,-0.024,
,,,8.4E-4,-0.016,
,,,8.48E-4,-0.024,
,,,8.56E-4,-0.016,
,,,8.64E-4,-0.024,
,,,8.72E-4,-0.016,
,,,8.8E-4,-0.024,
,,,8.88E-4,-0.024,
,,,8.96E-4,-0.016,
,,,9.04E-4,-0.024,
,,,9.12E-4,-0.024,
,,,9.2E-4,-0.024,
,,,9.28E-4,-0.016,
,,,9.36E-4,-0.016,
,,,9.4399997E-4,-0.024,
,,,9.52E-4,-0.032,
,,,9.6E-4,-0.016,
,,,9.68E-4,-0.032,
,,,9.76E-4,-0.016,
,,,9.84E-4,-0.024,
,,,9.92E-4,-0.024,
,,,0.001,-0.024,
,,,0.001008,-0.024,
,,,0.001016,-0.024,
,,,0.001024,-0.016,
,,,0.001032,-0.008,
,,,0.00104,-0.032,
,,,0.001048,-0.008,
,,,0.001056,-0.016,
,,,0.001064,-0.024,
,,,0.001072,-0.016,
,,,0.00108,-0.040000003,
,,,0.001088,-0.024,
,,,0.001096,-0.048,
,,,0.001104,-0.032,
,,,0.001112,-0.032,
,,,0.00112,-0.008,
,,,0.001128,-0.068,
,,,0.001136,-0.032,
,,,0.001144,-0.008,
,,,0.001152,-0.024,
,,,0.00116,-0.016,
,,,0.001168,-0.024,
,,,0.001176,-0.024,
,,,0.001184,-0.016,
,,,0.001192,-0.024,
,,,0.0011999999,-0.024,
,,,0.001208,-0.024,
,,,0.001216,-0.024,
,,,0.001224,-0.032,
,,,0.001232,-0.016,
,,,0.00124,-0.024,
,,,0.001248,-0.024,
,,,0.001256,-0.024,
,,,0.001264,-0.024,
,,,0.001272,-0.024,
,,,0.00128,-0.016,
,,,0.001288,-0.024,
,,,0.001296,-0.008,
,,,0.001304,-0.016,
,,,0.001312,-0.024,
,,,0.00132,-0.024,
,,,0.001328,-0.032,
,,,0.001336,-0.024,
,,,0.001344,-0.016,
,,,0.001352,-0.024,
,,,0.00136,-0.024,
,,,0.0013679999,-0.016,
,,,0.001376,-0.016,
,,,0.001384,-0.016,
,,,0.001392,-0.016,
,,,0.0014,-0.024,
,,,0.001408,-0.024,
,,,0.001416,-0.024,
,,,0.001424,-0.024,
,,,0.001432,-0.016,
,,,0.00144,-0.016,
,,,0.001448,-0.024,
,,,0.001456,-0.024,
,,,0.001464,-0.024,
,,,0.001472,-0.016,
,,,0.00148,-0.024,
,,,0.001488,-0.024,
,,,0.001496,-0.032,
,,,0.001504,-0.024,
,,,0.001512,-0.024,
,,,0.00152,-0.032,
,,,0.001528,-0.024,
,,,0.001536,-0.032,
,,,0.001544,-0.024,
,,,0.001552,-0.016,
,,,0.00156,-0.016,
,,,0.001568,-0.016,
,,,0.001576,-0.016,
,,,0.001584,-0.016,
,,,0.001592,-0.016,
,,,0.0016,-0.016,
,,,0.001608,-0.032,
,,,0.001616,-0.008,
,,,0.001624,-0.016,
,,,0.001632,-0.032,
,,,0.00164,-0.024,
,,,0.001648,-0.040000003,
,,,0.001656,-0.024,
,,,0.001664,-0.016,
,,,0.001672,-0.024,
,,,0.00168,-0.008,
,,,0.001688,-0.016,
,,,0.001696,-0.016,
,,,0.001704,-0.016,
,,,0.001712,-0.008,
,,,0.00172,-0.024,
,,,0.001728,-0.032,
,,,0.001736,-0.016,
,,,0.001744,-0.040000003,
,,,0.001752,-0.016,
,,,0.00176,-0.040000003,
,,,0.001768,-0.032,
,,,0.001776,-0.016,
,,,0.001784,-0.024,
,,,0.001792,-0.024,
,,,0.0018,0.016,
,,,0.001808,-0.008,
,,,0.001816,-0.032,
,,,0.001824,-0.040000003,
,,,0.001832,-0.024,
,,,0.00184,-0.024,
,,,0.001848,-0.024,
,,,0.001856,-0.024,
,,,0.001864,-0.016,
,,,0.001872,-0.016,
,,,0.00188,-0.024,
,,,0.0018879999,-0.016,
,,,0.001896,-0.024,
,,,0.001904,-0.024,
,,,0.001912,-0.016,
,,,0.00192,-0.024,
,,,0.001928,-0.024,
,,,0.001936,-0.008,
,,,0.001944,-0.016,
,,,0.001952,-0.024,
,,,0.00196,-0.016,
,,,0.001968,-0.032,
,,,0.001976,-0.024,
,,,0.001984,-0.016,
,,,0.001992,-0.024,
,,,0.002,-0.016,
,,,0.002008,-0.024,
,,,0.002016,-0.024,
,,,0.002024,-0.024,
,,,0.002032,-0.016,
,,,0.00204,-0.048,
,,,0.002048,-0.024,
,,,0.002056,-0.016,
,,,0.002064,-0.032,
,,,0.002072,-0.024,
,,,0.00208,-0.032,
,,,0.002088,-0.032,
,,,0.002096,-0.016,
,,,0.002104,-0.032,
,,,0.002112,-0.024,
,,,0.00212,-0.024,
,,,0.002128,-0.024,
,,,0.002136,-0.024,
,,,0.002144,-0.016,
,,,0.002152,-0.016,
,,,0.00216,-0.024,
,,,0.002168,-0.016,
,,,0.002176,-0.024,
,,,0.002184,-0.008,
,,,0.002192,-0.016,
,,,0.0022,-0.024,
,,,0.002208,-0.016,
,,,0.002216,-0.032,
,,,0.002224,-0.024,
,,,0.002232,-0.024,
,,,0.00224,-0.024,
,,,0.002248,-0.016,
,,,0.002256,-0.008,
,,,0.002264,-0.016,
,,,0.002272,-0.024,
,,,0.00228,-0.008,
,,,0.002288,-0.032,
,,,0.002296,-0.024,
,,,0.002304,-0.024,
,,,0.002312,-0.040000003,
,,,0.00232,-0.024,
,,,0.002328,-0.040000003,
,,,0.002336,-0.024,
,,,0.002344,-0.024,
,,,0.002352,-0.024,
,,,0.00236,-0.008,
,,,0.002368,-0.024,
,,,0.002376,-0.016,
,,,0.002384,-0.024,
,,,0.002392,-0.016,
,,,0.0023999999,-0.024,
,,,0.002408,-0.024,
,,,0.002416,-0.024,
,,,0.002424,-0.024,
,,,0.002432,-0.008,
,,,0.00244,0.008,
,,,0.002448,-0.016,
,,,0.002456,-0.008,
,,,0.002464,-0.016,
,,,0.002472,-0.040000003,
,,,0.00248,-0.016,
,,,0.002488,-0.032,
,,,0.002496,-0.024,
,,,0.002504,-0.016,
,,,0.002512,-0.024,
,,,0.00252,-0.024,
,,,0.002528,-0.024,
,,,0.002536,-0.032,
,,,0.002544,-0.024,
,,,0.002552,-0.024,
,,,0.00256,-0.024,
,,,0.002568,-0.024,
,,,0.002576,-0.016,
,,,0.002584,-0.024,
,,,0.002592,-0.024,
,,,0.0026,-0.016,
,,,0.002608,-0.024,
,,,0.002616,-0.024,
,,,0.002624,-0.016,
,,,0.002632,-0.016,
,,,0.00264,-0.016,
,,,0.002648,-0.024,
,,,0.002656,-0.024,
,,,0.002664,-0.024,
,,,0.002672,-0.024,
,,,0.00268,-0.024,
,,,0.002688,-0.024,
,,,0.002696,-0.016,
,,,0.002704,-0.024,
,,,0.002712,-0.024,
,,,0.00272,-0.024,
,,,0.002728,-0.024,
,,,0.0027359999,-0.024,
,,,0.002744,-0.024,
,,,0.002752,-0.016,
,,,0.00276,-0.024,
,,,0.002768,-0.024,
,,,0.002776,-0.016,
,,,0.002784,-0.024,
,,,0.002792,-0.024,
,,,0.0028,-0.024,
,,,0.002808,-0.024,
,,,0.002816,-0.024,
,,,0.002824,-0.024,
,,,0.002832,-0.024,
,,,0.00284,-0.024,
,,,0.002848,-0.024,
,,,0.002856,-0.024,
,,,0.002864,-0.016,
,,,0.002872,-0.024,
,,,0.00288,-0.024,
,,,0.002888,-0.024,
,,,0.002896,-0.024,
,,,0.002904,-0.024,
,,,0.002912,-0.024,
,,,0.0029199999,-0.016,
,,,0.002928,-0.024,
,,,0.002936,-0.024,
,,,0.002944,-0.024,
,,,0.002952,-0.024,
,,,0.00296,-0.024,
,,,0.002968,-0.024,
,,,0.002976,-0.024,
,,,0.002984,-0.024,
,,,0.002992,-0.024,
,,,0.003,-0.016,
,,,0.003008,-0.024,
,,,0.003016,-0.016,
,,,0.003024,-0.016,
,,,0.003032,-0.016,
,,,0.00304,-0.016,
,,,0.003048,-0.024,
,,,0.003056,-0.016,
,,,0.003064,-0.024,
,,,0.003072,-0.016,
,,,0.00308,-0.024,
,,,0.003088,-0.016,
,,,0.003096,-0.024,
,,,0.003104,-0.032,
,,,0.003112,-0.024,
,,,0.00312,-0.048,
,,,0.003128,-0.040000003,
,,,0.003136,-0.048,
,,,0.003144,-0.032,
,,,0.003152,-0.056,
,,,0.00316,-0.016,
,,,0.003168,-0.024,
,,,0.003176,0.016,
,,,0.003184,-0.024,
,,,0.003192,-0.024,
,,,0.0032,-0.024,
,,,0.003208,-0.024,
,,,0.003216,-0.024,
,,,0.003224,-0.016,
,,,0.003232,-0.024,
,,,0.00324,-0.024,
,,,0.003248,-0.024,
,,,0.0032559999,-0.016,
,,,0.003264,-0.024,
,,,0.003272,-0.024,
,,,0.00328,-0.024,
,,,0.003288,-0.024,
,,,0.003296,-0.016,
,,,0.003304,-0.016,
,,,0.003312,-0.016,
,,,0.00332,-0.016,
,,,0.003328,-0.024,
,,,0.003336,-0.024,
,,,0.003344,-0.024,
,,,0.003352,-0.016,
,,,0.00336,-0.024,
,,,0.003368,-0.024,
,,,0.003376,-0.016,
,,,0.003384,-0.024,
,,,0.003392,-0.016,
,,,0.0034,-0.016,
,,,0.003408,-0.024,
,,,0.003416,-0.024,
,,,0.003424,-0.032,
,,,0.003432,-0.024,
,,,0.00344,-0.024,
,,,0.003448,-0.024,
,,,0.003456,-0.016,
,,,0.003464,-0.024,
,,,0.003472,-0.024,
,,,0.00348,-0.016,
,,,0.003488,-0.024,
,,,0.003496,-0.024,
,,,0.003504,-0.016,
,,,0.003512,-0.024,
,,,0.00352,-0.024,
,,,0.003528,-0.024,
,,,0.003536,-0.024,
,,,0.003544,-0.024,
,,,0.003552,-0.024,
,,,0.00356,-0.024,
,,,0.003568,-0.024,
,,,0.003576,-0.024,
,,,0.003584,-0.016,
,,,0.0035919999,-0.024,
,,,0.0036,-0.016,
,,,0.003608,-0.024,
,,,0.003616,-0.016,
,,,0.003624,-0.024,
,,,0.003632,-0.024,
,,,0.00364,-0.024,
,,,0.003648,-0.024,
,,,0.003656,-0.016,
,,,0.003664,-0.024,
,,,0.003672,-0.024,
,,,0.00368,-0.016,
,,,0.003688,-0.024,
,,,0.003696,-0.024,
,,,0.003704,-0.024,
,,,0.003712,-0.016,
,,,0.00372,-0.024,
,,,0.003728,-0.016,
,,,0.003736,-0.024,
,,,0.003744,-0.024,
,,,0.003752,-0.024,
,,,0.00376,-0.016,
,,,0.003768,-0.032,
,,,0.0037759999,-0.016,
,,,0.003784,-0.040000003,
,,,0.003792,-0.024,
,,,0.0038,-0.024,
,,,0.003808,-0.024,
,,,0.003816,-0.032,
,,,0.003824,0.032,
,,,0.003832,-0.016,
,,,0.00384,-0.032,
,,,0.003848,-0.016,
,,,0.003856,-0.024,
,,,0.003864,-0.024,
,,,0.003872,-0.024,
,,,0.00388,-0.016,
,,,0.003888,-0.024,
,,,0.003896,-0.024,
,,,0.003904,-0.024,
,,,0.003912,-0.024,
,,,0.00392,-0.032,
,,,0.003928,-0.016,
,,,0.003936,-0.016,
,,,0.0039439998,-0.024,
,,,0.003952,-0.016,
,,,0.00396,-0.024,
,,,0.003968,-0.024,
,,,0.003976,-0.024,
,,,0.003984,-0.016,
,,,0.003992,-0.032,
,,,0.004,-0.016,
,,,0.004008,-0.024,
,,,0.004016,-0.024,
,,,0.004024,-0.016,
,,,0.004032,-0.032,
,,,0.00404,-0.024,
,,,0.004048,-0.024,
,,,0.004056,-0.024,
,,,0.004064,-0.024,
,,,0.004072,-0.024,
,,,0.00408,-0.024,
,,,0.004088,-0.024,
,,,0.004096,-0.016,
,,,0.004104,-0.024,
,,,0.004112,-0.024,
,,,0.00412,-0.024,
,,,0.004128,-0.024,
,,,0.004136,-0.016,
,,,0.004144,-0.024,
,,,0.004152,-0.024,
,,,0.00416,-0.024,
,,,0.004168,-0.024,
,,,0.004176,-0.024,
,,,0.004184,-0.024,
,,,0.004192,-0.024,
,,,0.0042,-0.024,
,,,0.004208,-0.024,
,,,0.004216,-0.024,
,,,0.004224,-0.024,
,,,0.004232,-0.016,
,,,0.00424,-0.016,
,,,0.004248,-0.024,
,,,0.004256,-0.024,
,,,0.004264,-0.024,
,,,0.004272,-0.016,
,,,0.00428,-0.016,
,,,0.004288,-0.024,
,,,0.004296,-0.024,
,,,0.004304,-0.024,
,,,0.004312,-0.008,
,,,0.00432,-0.024,
,,,0.004328,-0.016,
,,,0.004336,-0.024,
,,,0.004344,-0.024,
,,,0.004352,-0.024,
,,,0.00436,-0.024,
,,,0.004368,-0.024,
,,,0.004376,-0.024,
,,,0.004384,-0.024,
,,,0.004392,-0.024,
,,,0.0044,-0.024,
,,,0.004408,-0.016,
,,,0.004416,-0.016,
,,,0.004424,-0.016,
,,,0.004432,-0.016,
,,,0.00444,-0.024,
,,,0.004448,-0.008,
,,,0.004456,-0.024,
,,,0.004464,0.016,
,,,0.004472,-0.008,
,,,0.00448,-0.008,
,,,0.004488,-0.008,
,,,0.004496,-0.056,
,,,0.004504,-0.008,
,,,0.004512,-0.024,
,,,0.00452,-0.016,
,,,0.004528,-0.016,
,,,0.004536,-0.024,
,,,0.004544,-0.024,
,,,0.004552,-0.016,
,,,0.00456,0.0,
,,,0.004568,-0.024,
,,,0.004576,-0.016,
,,,0.004584,-0.024,
,,,0.004592,-0.024,
,,,0.0046,-0.008,
,,,0.004608,-0.024,
,,,0.0046159998,-0.016,
,,,0.004624,-0.024,
,,,0.004632,-0.024,
,,,0.00464,-0.024,
,,,0.004648,-0.024,
,,,0.004656,-0.016,
,,,0.004664,-0.024,
,,,0.004672,-0.024,
,,,0.00468,-0.024,
,,,0.004688,-0.016,
,,,0.004696,-0.016,
,,,0.004704,-0.016,
,,,0.004712,-0.016,
,,,0.00472,-0.016,
,,,0.004728,-0.024,
,,,0.004736,-0.024,
,,,0.004744,-0.024,
,,,0.004752,-0.016,
,,,0.00476,-0.024,
,,,0.004768,-0.024,
,,,0.004776,-0.024,
,,,0.004784,-0.024,
,,,0.004792,-0.016,
,,,0.0047999998,-0.016,
,,,0.004808,-0.032,
,,,0.004816,-0.024,
,,,0.004824,-0.016,
,,,0.004832,-0.024,
,,,0.00484,-0.024,
,,,0.004848,-0.016,
,,,0.004856,-0.024,
,,,0.004864,-0.024,
,,,0.004872,-0.016,
,,,0.00488,-0.024,
,,,0.004888,-0.024,
,,,0.004896,-0.024,
,,,0.004904,-0.024,
,,,0.004912,-0.024,
,,,0.00492,-0.024,
,,,0.004928,-0.024,
,,,0.004936,-0.024,
,,,0.004944,-0.024,
,,,0.004952,-0.016,
,,,0.00496,-0.024,
,,,0.004968,-0.024,
,,,0.004976,-0.016,
,,,0.0049839998,-0.016,
,,,0.004992,-0.024,
,,,0.005,-0.016,
,,,0.005008,-0.024,
,,,0.005016,-0.016,
,,,0.005024,-0.024,
,,,0.005032,-0.016,
,,,0.00504,-0.024,
,,,0.005048,-0.016,
,,,0.005056,-0.024,
,,,0.005064,-0.024,
,,,0.005072,-0.024,
,,,0.00508,-0.016,
,,,0.005088,-0.016,
,,,0.005096,-0.016,
,,,0.005104,-0.024,
,,,0.005112,-0.016,
,,,0.00512,-0.024,
,,,0.005128,-0.024,
,,,0.005136,-0.024,
,,,0.005144,-0.040000003,
,,,0.005152,-0.024,
,,,0.00516,-0.008,
,,,0.005168,-0.056,
,,,0.005176,-0.068,
,,,0.005184,-0.024,
,,,0.005192,-0.016,
,,,0.0052,-0.048,
,,,0.005208,-0.024,
,,,0.005216,-0.024,
,,,0.005224,-0.024,
,,,0.005232,-0.024,
,,,0.00524,-0.024,
,,,0.005248,-0.016,
,,,0.005256,-0.024,
,,,0.005264,-0.024,
,,,0.005272,-0.016,
,,,0.00528,-0.024,
,,,0.005288,-0.024,
,,,0.005296,-0.016,
,,,0.005304,-0.016,
,,,0.005312,-0.024,
,,,0.00532,-0.024,
,,,0.005328,-0.016,
,,,0.005336,-0.024,
,,,0.005344,-0.024,
,,,0.005352,-0.024,
,,,0.00536,-0.024,
,,,0.005368,-0.024,
,,,0.005376,-0.016,
,,,0.005384,-0.024,
,,,0.005392,-0.024,
,,,0.0054,-0.016,
,,,0.005408,-0.016,
,,,0.005416,-0.024,
,,,0.005424,-0.016,
,,,0.005432,-0.016,
,,,0.00544,-0.024,
,,,0.005448,-0.024,
,,,0.005456,-0.016,
,,,0.005464,-0.024,
,,,0.0054719998,-0.024,
,,,0.00548,-0.024,
,,,0.005488,-0.024,
,,,0.005496,-0.024,
,,,0.005504,-0.016,
,,,0.005512,-0.024,
,,,0.00552,-0.024,
,,,0.005528,-0.016,
,,,0.005536,-0.016,
,,,0.005544,-0.024,
,,,0.005552,-0.016,
,,,0.00556,-0.024,
,,,0.005568,-0.024,
,,,0.005576,-0.024,
,,,0.005584,-0.024,
,,,0.005592,-0.024,
,,,0.0056,-0.024,
,,,0.005608,-0.024,
,,,0.005616,-0.024,
,,,0.005624,-0.024,
,,,0.005632,-0.024,
,,,0.00564,-0.024,
,,,0.005648,-0.016,
,,,0.0056559998,-0.016,
,,,0.005664,-0.016,
,,,0.005672,-0.024,
,,,0.00568,-0.016,
,,,0.005688,-0.024,
,,,0.005696,-0.016,
,,,0.005704,-0.016,
,,,0.005712,-0.016,
,,,0.00572,-0.016,
,,,0.005728,-0.016,
,,,0.005736,-0.040000003,
,,,0.005744,-0.024,
,,,0.005752,-0.024,
,,,0.00576,-0.024,
,,,0.005768,-0.024,
,,,0.005776,-0.024,
,,,0.005784,-0.016,
,,,0.005792,-0.032,
,,,0.0058,-0.024,
,,,0.005808,-0.040000003,
,,,0.005816,-0.024,
,,,0.005824,-0.032,
,,,0.005832,-0.024,
,,,0.0058399998,0.040000003,
,,,0.005848,-0.076000005,
,,,0.005856,0.0,
,,,0.005864,-0.024,
,,,0.005872,-0.008,
,,,0.00588,-0.024,
,,,0.005888,-0.016,
,,,0.005896,-0.024,
,,,0.005904,-0.024,
,,,0.005912,-0.016,
,,,0.00592,-0.024,
,,,0.005928,-0.016,
,,,0.005936,-0.016,
,,,0.005944,-0.016,
,,,0.005952,-0.024,
,,,0.00596,-0.016,
,,,0.005968,-0.024,
,,,0.005976,-0.016,
,,,0.005984,-0.032,
,,,0.005992,-0.024,
,,,0.006,-0.016,
,,,0.006008,-0.024,
,,,0.006016,-0.024,
,,,0.006024,-0.024,
,,,0.006032,-0.024,
,,,0.00604,-0.024,
,,,0.006048,-0.024,
,,,0.006056,-0.024,
,,,0.006064,-0.024,
,,,0.006072,-0.024,
,,,0.00608,-0.024,
,,,0.006088,-0.024,
,,,0.006096,-0.016,
,,,0.006104,-0.016,
,,,0.006112,-0.016,
,,,0.00612,-0.024,
,,,0.006128,-0.024,
,,,0.006136,-0.024,
,,,0.006144,-0.024,
,,,0.006152,-0.024,
,,,0.00616,-0.008,
,,,0.006168,-0.024,
,,,0.006176,-0.024,
,,,0.006184,-0.024,
,,,0.006192,-0.032,
,,,0.0062,-0.024,
,,,0.006208,-0.016,
,,,0.006216,-0.024,
,,,0.006224,-0.016,
,,,0.006232,-0.024,
,,,0.00624,-0.024,
,,,0.006248,-0.016,
,,,0.006256,-0.024,
,,,0.006264,-0.024,
,,,0.006272,-0.024,
,,,0.00628,-0.024,
,,,0.006288,-0.024,
,,,0.006296,-0.032,
,,,0.006304,-0.032,
,,,0.006312,-0.024,
,,,0.00632,-0.024,
,,,0.0063279998,-0.016,
,,,0.006336,-0.024,
,,,0.006344,-0.016,
,,,0.006352,-0.024,
,,,0.00636,-0.024,
,,,0.006368,-0.024,
,,,0.006376,-0.024,
,,,0.006384,-0.024,
,,,0.006392,-0.032,
,,,0.0064,-0.024,
,,,0.006408,-0.008,
,,,0.006416,-0.016,
,,,0.006424,-0.016,
,,,0.006432,-0.016,
,,,0.00644,-0.016,
,,,0.006448,-0.016,
,,,0.006456,-0.016,
,,,0.006464,-0.024,
,,,0.006472,-0.016,
,,,0.00648,-0.016,
,,,0.006488,0.024,
,,,0.006496,-0.008,
,,,0.006504,0.016,
,,,0.0065119998,0.0,
,,,0.00652,0.016,
,,,0.006528,-0.008,
,,,0.006536,-0.016,
,,,0.006544,-0.024,
,,,0.006552,-0.024,
,,,0.00656,-0.024,
,,,0.006568,-0.024,
,,,0.006576,-0.024,
,,,0.006584,-0.024,
,,,0.006592,-0.024,
,,,0.0066,-0.024,
,,,0.006608,-0.024,
,,,0.006616,-0.024,
,,,0.006624,-0.024,
,,,0.006632,-0.024,
,,,0.00664,-0.024,
,,,0.006648,-0.024,
,,,0.006656,-0.016,
,,,0.006664,-0.016,
,,,0.006672,-0.024,
,,,0.00668,-0.024,
,,,0.006688,-0.024,
,,,0.0066959998,-0.024,
,,,0.006704,-0.016,
,,,0.006712,-0.024,
,,,0.00672,-0.024,
,,,0.006728,-0.008,
,,,0.006736,-0.024,
,,,0.006744,-0.024,
,,,0.006752,-0.024,
,,,0.00676,-0.008,
,,,0.006768,-0.016,
,,,0.006776,-0.024,
,,,0.006784,-0.024,
,,,0.006792,-0.016,
,,,0.0068,-0.024,
,,,0.006808,-0.024,
,,,0.006816,-0.024,
,,,0.006824,-0.024,
,,,0.006832,-0.032,
,,,0.00684,-0.016,
,,,0.006848,-0.024,
,,,0.006856,-0.016,
,,,0.006864,-0.024,
,,,0.006872,-0.032,
,,,0.00688,-0.024,
,,,0.006888,-0.024,
,,,0.006896,-0.024,
,,,0.006904,-0.024,
,,,0.006912,-0.016,
,,,0.00692,-0.024,
,,,0.006928,-0.016,
,,,0.006936,-0.024,
,,,0.006944,-0.024,
,,,0.006952,-0.024,
,,,0.00696,-0.024,
,,,0.006968,-0.024,
,,,0.006976,-0.016,
,,,0.006984,-0.016,
,,,0.006992,-0.024,
,,,0.0069999998,-0.016,
,,,0.007008,-0.016,
,,,0.007016,-0.024,
,,,0.007024,-0.016,
,,,0.007032,-0.024,
,,,0.00704,-0.016,
,,,0.007048,-0.016,
,,,0.007056,-0.024,
,,,0.007064,-0.016,
,,,0.007072,-0.024,
,,,0.00708,0.0,
,,,0.007088,-0.024,
,,,0.007096,-0.024,
,,,0.007104,-0.016,
,,,0.007112,-0.024,
,,,0.00712,-0.032,
,,,0.007128,-0.024,
,,,0.007136,-0.016,
,,,0.007144,-0.024,
,,,0.007152,-0.016,
,,,0.00716,-0.016,
,,,0.007168,-0.048,
,,,0.007176,-0.024,
,,,0.0071839998,-0.09200001,
,,,0.007192,-0.024,
,,,0.0072,-0.008,
,,,0.007208,-0.016,
,,,0.007216,-0.032,
,,,0.007224,0.024,
,,,0.007232,-0.024,
,,,0.00724,-0.024,
,,,0.007248,-0.024,
,,,0.007256,-0.024,
,,,0.007264,-0.024,
,,,0.007272,-0.016,
,,,0.00728,-0.024,
,,,0.007288,-0.016,
,,,0.007296,-0.016,
,,,0.007304,-0.024,
,,,0.007312,-0.016,
,,,0.00732,-0.016,
,,,0.007328,-0.016,
,,,0.007336,-0.016,
,,,0.007344,-0.016,
,,,0.007352,-0.016,
,,,0.00736,-0.016,
,,,0.0073679998,-0.024,
,,,0.007376,-0.024,
,,,0.007384,-0.024,
,,,0.007392,-0.024,
,,,0.0074,0.0,
,,,0.007408,-0.024,
,,,0.007416,-0.024,
,,,0.007424,-0.024,
,,,0.007432,-0.024,
,,,0.00744,-0.024,
,,,0.007448,-0.024,
,,,0.007456,-0.024,
,,,0.007464,-0.024,
,,,0.007472,-0.016,
,,,0.00748,-0.016,
,,,0.007488,-0.024,
,,,0.007496,-0.024,
,,,0.007504,-0.024,
,,,0.007512,-0.024,
,,,0.00752,-0.024,
,,,0.007528,-0.024,
,,,0.007536,-0.016,
,,,0.007544,-0.016,
,,,0.0075519998,-0.016,
,,,0.00756,-0.024,
,,,0.007568,-0.008,
,,,0.007576,-0.024,
,,,0.007584,-0.024,
,,,0.007592,-0.016,
,,,0.0076,-0.024,
,,,0.007608,-0.016,
,,,0.007616,-0.008,
,,,0.007624,-0.024,
,,,0.007632,-0.024,
,,,0.00764,-0.024,
,,,0.007648,-0.040000003,
,,,0.007656,-0.024,
,,,0.007664,-0.048,
,,,0.007672,-0.024,
,,,0.00768,-0.024,
,,,0.007688,-0.040000003,
,,,0.007696,-0.032,
,,,0.007704,-0.08400001,
,,,0.007712,-0.032,
,,,0.00772,-0.040000003,
,,,0.007728,-0.040000003,
,,,0.0077359998,-0.032,
,,,0.007744,-0.108,
,,,0.007752,-0.040000003,
,,,0.00776,-0.056,
,,,0.007768,-0.040000003,
,,,0.007776,-0.024,
,,,0.007784,-0.09200001,
,,,0.007792,-0.024,
,,,0.0078,-0.09200001,
,,,0.007808,-0.032,
,,,0.007816,-0.040000003,
,,,0.007824,-0.08400001,
,,,0.007832,-0.048,
,,,0.00784,-0.124000005,
,,,0.007848,-0.048,
,,,0.007856,-0.032,
,,,0.007864,-0.040000003,
,,,0.007872,-0.032,
,,,0.00788,-0.148,
,,,0.0078879995,-0.040000003,
,,,0.007896,-0.032,
,,,0.007904,-0.068,
,,,0.007912,-0.024,
,,,0.00792,-0.18,
,,,0.007928,-0.024,
,,,0.007936,-0.08400001,
,,,0.007944,-0.056,
,,,0.007952,-0.024,
,,,0.00796,-0.164,
,,,0.007968,-0.040000003,
,,,0.007976,-0.124000005,
,,,0.007984,-0.048,
,,,0.007992,-0.024,
,,,0.008,-0.132,
,,,0.008008,-0.032,
,,,0.008016,-0.164,
,,,0.008024,-0.048,
,,,0.008032,-0.032,
,,,0.00804,-0.108,
,,,0.008048,-0.024,
,,,0.008056,-0.208,
,,,0.008064,-0.040000003,
,,,0.008072,-0.032,
,,,0.00808,-0.09200001,
,,,0.008088,-0.024,
,,,0.008096,-0.24000001,
,,,0.008104,-0.040000003,
,,,0.008112,-0.08400001,
,,,0.00812,-0.076000005,
,,,0.008128,-0.024,
,,,0.008136,-0.24800001,
,,,0.008144,-0.040000003,
,,,0.008152,-0.132,
,,,0.00816,-0.056,
,,,0.008168,-0.032,
,,,0.008176,-0.18800001,
,,,0.008184,-0.024,
,,,0.008192,-0.18800001,
,,,0.0082,-0.048,
,,,0.008208,-0.024,
,,,0.008216,-0.148,
,,,0.008224,-0.032,
,,,0.008232,-0.24000001,
,,,0.00824,-0.048,
,,,0.008248,-0.032,
,,,0.008256,-0.132,
,,,0.008264,-0.032,
,,,0.008272,-0.28,
,,,0.00828,-0.040000003,
,,,0.008288,-0.068,
,,,0.008296,-0.09200001,
,,,0.008304,-0.032,
,,,0.008312,-0.30400002,
,,,0.00832,-0.048,
,,,0.008328,-0.132,
,,,0.008336,-0.08400001,
,,,0.008344,-0.032,
,,,0.008352,-0.264,
,,,0.00836,-0.040000003,
,,,0.008368,-0.19600001,
,,,0.0083759995,-0.068,
,,,0.008384,-0.024,
,,,0.008392,-0.208,
,,,0.0084,-0.032,
,,,0.008408,-0.256,
,,,0.008416,-0.068,
,,,0.008424,-0.024,
,,,0.008432,-0.148,
,,,0.00844,-0.032,
,,,0.008448,-0.312,
,,,0.008456,-0.048,
,,,0.008464,-0.040000003,
,,,0.008472,-0.124000005,
,,,0.00848,-0.024,
,,,0.008488,-0.34800002,
,,,0.008496,-0.016,
,,,0.008504,-0.116000004,
,,,0.008512,-0.048,
,,,0.00852,-0.024,
,,,0.008528,-0.312,
,,,0.008536,-0.040000003,
,,,0.008544,-0.23200001,
,,,0.008552,-0.08400001,
,,,0.00856,-0.016,
,,,0.008568,-0.272,
,,,0.008576,-0.040000003,
,,,0.008584,-0.264,
,,,0.008592,-0.068,
,,,0.0086,-0.024,
,,,0.008608,-0.208,
,,,0.008616,-0.032,
,,,0.008624,-0.32000002,
,,,0.008632,-0.056,
,,,0.00864,-0.024,
,,,0.008648,-0.156,
,,,0.008656,-0.032,
,,,0.008664,-0.36400002,
,,,0.008672,-0.048,
,,,0.00868,-0.08400001,
,,,0.008688,-0.116000004,
,,,0.008696,-0.032,
,,,0.008704,-0.39600003,
,,,0.008712,-0.040000003,
,,,0.00872,-0.172,
,,,0.008728,-0.09200001,
,,,0.008736,-0.032,
,,,0.0087439995,-0.328,
,,,0.008752,-0.032,
,,,0.00876,-0.256,
,,,0.008768,-0.076000005,
,,,0.008776,-0.024,
,,,0.008784,-0.23200001,
,,,0.008792,-0.040000003,
,,,0.0088,-0.32000002,
,,,0.008808,-0.068,
,,,0.008816,-0.024,
,,,0.008824,-0.19600001,
,,,0.008832,-0.032,
,,,0.00884,-0.38000003,
,,,0.008848,-0.056,
,,,0.008856,-0.048,
,,,0.008864,-0.14,
,,,0.008872,-0.032,
,,,0.00888,-0.42000002,
,,,0.008888,-0.056,
,,,0.008896,-0.14,
,,,0.008904,-0.116000004,
,,,0.008912,-0.032,
,,,0.00892,-0.404,
,,,0.008928,-0.040000003,
,,,0.008936,-0.24000001,
,,,0.008944,-0.09200001,
,,,0.008952,-0.032,
,,,0.00896,-0.30400002,
,,,0.008968,-0.040000003,
,,,0.008976,-0.312,
,,,0.008984,-0.076000005,
,,,0.008992,-0.032,
,,,0.009,-0.23200001,
,,,0.009008,-0.040000003,
,,,0.009016,-0.388,
,,,0.009024,-0.056,
,,,0.009032,-0.024,
,,,0.00904,-0.172,
,,,0.009048,-0.032,
,,,0.009056,-0.42800003,
,,,0.009064,-0.048,
,,,0.009072,-0.1,
,,,0.00908,-0.124000005,
,,,0.009088,-0.032,
,,,0.009096,-0.45200002,
,,,0.009104,-0.040000003,
,,,0.0091119995,-0.208,
,,,0.00912,-0.1,
,,,0.009128,-0.016,
,,,0.009136,-0.372,
,,,0.009144,-0.040000003,
,,,0.009152,-0.30400002,
,,,0.00916,-0.076000005,
,,,0.009168,-0.032,
,,,0.009176,-0.28,
,,,0.009184,-0.040000003,
,,,0.009192,-0.42000002,
,,,0.0092,-0.08400001,
,,,0.009208,-0.048,
,,,0.009216,-0.216,
,,,0.009224,-0.024,
,,,0.0092319995,-0.42800003,
,,,0.00924,-0.056,
,,,0.009248,-0.08400001,
,,,0.009256,-0.148,
,,,0.009264,-0.032,
,,,0.009272,-0.46800002,
,,,0.00928,-0.048,
,,,0.009288,-0.164,
,,,0.009296,-0.116000004,
,,,0.009304,-0.032,
,,,0.009312,-0.43600002,
,,,0.00932,-0.040000003,
,,,0.009328,-0.28,
,,,0.009336,-0.09200001,
,,,0.009344,-0.032,
,,,0.009352,-0.34800002,
,,,0.00936,-0.032,
,,,0.009368,-0.36400002,
,,,0.009376,-0.08400001,
,,,0.009384,-0.032,
,,,0.009392,-0.264,
,,,0.0094,-0.040000003,
,,,0.009408,-0.42800003,
,,,0.009416,-0.068,
,,,0.009424,-0.032,
,,,0.009432,-0.18,
,,,0.00944,-0.040000003,
,,,0.009448,-0.48800004,
,,,0.009456,-0.048,
,,,0.009464,-0.116000004,
,,,0.009472,-0.132,
,,,0.00948,-0.024,
,,,0.009488,-0.49600002,
,,,0.009496,-0.032,
,,,0.009504,-0.23200001,
,,,0.009512,-0.108,
,,,0.00952,-0.024,
,,,0.009528,-0.41200003,
,,,0.009536,-0.048,
,,,0.009544,-0.328,
,,,0.009552,-0.076000005,
,,,0.00956,-0.024,
,,,0.009568,-0.28800002,
,,,0.009576,-0.032,
,,,0.009584,-0.404,
,,,0.009592,-0.068,
,,,0.0095999995,-0.032,
,,,0.009608,-0.216,
,,,0.009616,-0.032,
,,,0.009624,-0.476,
,,,0.009632,-0.068,
,,,0.00964,-0.076000005,
,,,0.009648,-0.164,
,,,0.009656,-0.040000003,
,,,0.009664,-0.528,
,,,0.009672,-0.076000005,
,,,0.00968,-0.18,
,,,0.009688,-0.124000005,
,,,0.009696,-0.024,
,,,0.009704,-0.46800002,
,,,0.009712,-0.040000003,
,,,0.00972,-0.30400002,
,,,0.009728,-0.108,
,,,0.009736,-0.032,
,,,0.009744,-0.34800002,
,,,0.009752,-0.032,
,,,0.00976,-0.404,
,,,0.009768,-0.076000005,
,,,0.009776,-0.024,
,,,0.009784,-0.256,
,,,0.009792,-0.024,
,,,0.0098,-0.46,
,,,0.009808,-0.056,
,,,0.009816,-0.024,
,,,0.009824,-0.18800001,
,,,0.009832,-0.032,
,,,0.00984,-0.536,
,,,0.009848,-0.076000005,
,,,0.009856,-0.18,
,,,0.009864,-0.14,
,,,0.009872,-0.040000003,
,,,0.00988,-0.528,
,,,0.009888,0.032,
,,,0.009896,-0.28800002,
,,,0.009904,-0.076000005,
,,,0.009912,-0.024,
,,,0.00992,-0.42000002,
,,,0.009928,-0.040000003,
,,,0.009936,-0.372,
,,,0.009944,-0.09200001,
,,,0.009952,-0.032,
,,,0.00996,-0.30400002,
,,,0.0099679995,-0.040000003,
,,,0.009976,-0.44400004,
,,,0.009984,-0.076000005,
,,,0.009992,-0.024,
,,,0.01,-0.216,
,,,0.010008,-0.040000003,
,,,0.010016,-0.512,
,,,0.010024,-0.056,
,,,0.010032,-0.09200001,
,,,0.01004,-0.156,
,,,0.010048,-0.032,
,,,0.010056,-0.544,
,,,0.010064,-0.040000003,
,,,0.010072,-0.216,
,,,0.01008,-0.116000004,
,,,0.0100879995,-0.032,
,,,0.010096,-0.476,
,,,0.010104,-0.048,
,,,0.010112,-0.328,
,,,0.01012,-0.1,
,,,0.010128,-0.032,
,,,0.010136,-0.33600003,
,,,0.010144,-0.040000003,
,,,0.010152,-0.42000002,
,,,0.01016,-0.076000005,
,,,0.010168,-0.024,
,,,0.010176,-0.24800001,
,,,0.010184,-0.032,
,,,0.010192,-0.49600002,
,,,0.0102,-0.068,
,,,0.010208,-0.048,
,,,0.010216,-0.18800001,
,,,0.010224,-0.040000003,
,,,0.010232,-0.544,
,,,0.01024,-0.076000005,
,,,0.010248,-0.156,
,,,0.010256,-0.14,
,,,0.010264,-0.032,
,,,0.010272,-0.536,
,,,0.01028,-0.040000003,
,,,0.010288,-0.296,
,,,0.010296,-0.108,
,,,0.010304,-0.040000003,
,,,0.010312,-0.404,
,,,0.01032,-0.048,
,,,0.010328,-0.41200003,
,,,0.010336,-0.08400001,
,,,0.010344,-0.024,
,,,0.010352,-0.296,
,,,0.01036,-0.032,
,,,0.010368,-0.476,
,,,0.010376,-0.056,
,,,0.010384,0.0,
,,,0.010392,-0.216,
,,,0.0104,-0.032,
,,,0.010408,-0.536,
,,,0.010416,-0.056,
,,,0.010424,-0.124000005,
,,,0.010432,-0.148,
,,,0.01044,-0.040000003,
,,,0.010448,-0.55200005,
,,,0.0104559995,-0.040000003,
,,,0.010464,-0.24800001,
,,,0.010472,-0.108,
,,,0.01048,-0.032,
,,,0.010488,-0.45200002,
,,,0.010496,-0.040000003,
,,,0.010504,-0.372,
,,,0.010512,-0.1,
,,,0.01052,-0.040000003,
,,,0.010528,-0.34800002,
,,,0.010536,-0.024,
,,,0.010544,-0.45200002,
,,,0.010552,-0.032,
,,,0.01056,-0.024,
,,,0.010568,-0.14,
,,,0.010576,-0.068,
,,,0.010584,-0.49600002,
,,,0.010592,-0.076000005,
,,,0.0106,-0.076000005,
,,,0.010608,-0.18,
,,,0.010616,-0.040000003,
,,,0.010624,-0.568,
,,,0.010632,-0.040000003,
,,,0.01064,-0.18,
,,,0.010648,-0.14,
,,,0.010656,-0.032,
,,,0.010664,-0.528,
,,,0.010672,-0.048,
,,,0.01068,-0.30400002,
,,,0.010688,-0.1,
,,,0.010696,-0.024,
,,,0.010704,-0.388,
,,,0.010712,-0.048,
,,,0.01072,-0.42000002,
,,,0.010728,-0.076000005,
,,,0.010736,-0.032,
,,,0.010744,-0.28800002,
,,,0.010752,-0.040000003,
,,,0.01076,-0.504,
,,,0.010768,-0.068,
,,,0.010776,-0.048,
,,,0.010784,-0.224,
,,,0.010792,-0.032,
,,,0.0108,-0.56,
,,,0.010808,-0.068,
,,,0.010816,-0.132,
,,,0.0108239995,-0.156,
,,,0.010832,-0.032,
,,,0.01084,-0.57600003,
,,,0.010848,-0.048,
,,,0.010856,-0.272,
,,,0.010864,-0.116000004,
,,,0.010872,-0.032,
,,,0.01088,-0.45200002,
,,,0.010888,-0.040000003,
,,,0.010896,-0.388,
,,,0.010904,-0.09200001,
,,,0.010912,-0.032,
,,,0.01092,-0.328,
,,,0.010928,-0.040000003,
,,,0.010936,-0.476,
,,,0.0109439995,-0.076000005,
,,,0.010952,-0.032,
,,,0.01096,-0.24000001,
,,,0.010968,-0.040000003,
,,,0.010976,-0.544,
,,,0.010984,-0.068,
,,,0.010992,-0.08400001,
,,,0.011,-0.172,
,,,0.011008,-0.040000003,
,,,0.011016,-0.58400005,
,,,0.011024,-0.048,
,,,0.011032,-0.216,
,,,0.01104,-0.132,
,,,0.011048,-0.032,
,,,0.011056,-0.49600002,
,,,0.011064,-0.048,
,,,0.011072,-0.34800002,
,,,0.01108,-0.1,
,,,0.011088,-0.032,
,,,0.011096,-0.39600003,
,,,0.011104,-0.040000003,
,,,0.011112,-0.44400004,
,,,0.01112,-0.08400001,
,,,0.011128,-0.032,
,,,0.011136,-0.28,
,,,0.011144,-0.040000003,
,,,0.011152,-0.52000004,
,,,0.01116,-0.068,
,,,0.011168,-0.032,
,,,0.011176,-0.208,
,,,0.011184,-0.016,
,,,0.011192,-0.57600003,
,,,0.0112,-0.024,
,,,0.011208,-0.148,
,,,0.011216,-0.116000004,
,,,0.011224,-0.024,
,,,0.011232,-0.568,
,,,0.01124,-0.076000005,
,,,0.011248,-0.32000002,
,,,0.011256,-0.108,
,,,0.011264,-0.008,
,,,0.011272,-0.44400004,
,,,0.01128,-0.040000003,
,,,0.011288,-0.41200003,
,,,0.011296,-0.09200001,
,,,0.011304,-0.040000003,
,,,0.0113119995,-0.32000002,
,,,0.01132,-0.040000003,
,,,0.011328,-0.49600002,
,,,0.011336,-0.076000005,
,,,0.011344,-0.040000003,
,,,0.011352,-0.23200001,
,,,0.01136,-0.040000003,
,,,0.011368,-0.55200005,
,,,0.011376,-0.068,
,,,0.011384,-0.1,
,,,0.011392,-0.172,
,,,0.0114,-0.032,
,,,0.011408,-0.592,
,,,0.011416,-0.056,
,,,0.011424,-0.24000001,
,,,0.011432,-0.132,
,,,0.01144,-0.032,
,,,0.011448,-0.504,
,,,0.011456,-0.048,
,,,0.011464,-0.372,
,,,0.011472,-0.1,
,,,0.01148,-0.032,
,,,0.011488,-0.372,
,,,0.011496,-0.040000003,
,,,0.011504,-0.46,
,,,0.011512,-0.08400001,
,,,0.01152,-0.032,
,,,0.011528,-0.264,
,,,0.011536,-0.040000003,
,,,0.011544,-0.536,
,,,0.011552,-0.068,
,,,0.01156,-0.048,
,,,0.011568,-0.19600001,
,,,0.011576,-0.040000003,
,,,0.011584,-0.58400005,
,,,0.011592,-0.056,
,,,0.0116,-0.18,
,,,0.011608,-0.14,
,,,0.011616,-0.032,
,,,0.011624,-0.55200005,
,,,0.011632,-0.048,
,,,0.01164,-0.32000002,
,,,0.011648,-0.108,
,,,0.011656,-0.032,
,,,0.011664,-0.43600002,
,,,0.011672,-0.048,
,,,0.0116799995,-0.42800003,
,,,0.011688,-0.09200001,
,,,0.011696,-0.032,
,,,0.011704,-0.30400002,
,,,0.011712,-0.040000003,
,,,0.01172,-0.52000004,
,,,0.011728,-0.076000005,
,,,0.011736,-0.032,
,,,0.011744,-0.224,
,,,0.011752,-0.040000003,
,,,0.01176,-0.568,
,,,0.011768,-0.056,
,,,0.011776,-0.124000005,
,,,0.011784,-0.164,
,,,0.011792,-0.032,
,,,0.0117999995,-0.592,
,,,0.011808,-0.048,
,,,0.011816,-0.264,
,,,0.011824,-0.124000005,
,,,0.011832,-0.024,
,,,0.01184,-0.48800004,
,,,0.011848,-0.032,
,,,0.011856,-0.388,
,,,0.011864,-0.1,
,,,0.011872,-0.032,
,,,0.01188,-0.36400002,
,,,0.011888,-0.040000003,
,,,0.011896,-0.512,
,,,0.011904,-0.09200001,
,,,0.011912,-0.048,
,,,0.01192,-0.272,
,,,0.011928,-0.108,
,,,0.011936,-0.544,
,,,0.011944,-0.056,
,,,0.011952,-0.056,
,,,0.01196,-0.18800001,
,,,0.011968,-0.032,
,,,0.011976,-0.6,
,,,0.011984,-0.056,
,,,0.011992,-0.208,
,,,0.012,-0.14,
,,,0.012008,-0.032,
,,,0.012016,-0.55200005,
,,,0.012024,-0.048,
,,,0.012032,-0.33600003,
,,,0.01204,-0.108,
,,,0.012048,-0.032,
,,,0.012056,-0.42000002,
,,,0.012064,-0.040000003,
,,,0.012072,-0.44400004,
,,,0.01208,-0.09200001,
,,,0.012088,-0.032,
,,,0.012096,-0.30400002,
,,,0.012104,-0.040000003,
,,,0.012112,-0.528,
,,,0.01212,-0.076000005,
,,,0.012128,-0.032,
,,,0.012136,-0.224,
,,,0.012144,-0.040000003,
,,,0.012152,-0.57600003,
,,,0.01216,-0.056,
,,,0.0121679995,-0.14,
,,,0.012176,-0.156,
,,,0.012184,-0.032,
,,,0.012192,-0.6,
,,,0.0122,-0.048,
,,,0.012208,-0.28,
,,,0.012216,-0.124000005,
,,,0.012224,-0.032,
,,,0.012232,-0.48800004,
,,,0.01224,-0.048,
,,,0.012248,-0.404,
,,,0.012256,-0.1,
,,,0.012264,-0.032,
,,,0.012272,-0.34800002,
,,,0.01228,-0.040000003,
,,,0.012288,-0.49600002,
,,,0.012296,-0.08400001,
,,,0.012304,-0.032,
,,,0.012312,-0.256,
,,,0.01232,-0.040000003,
,,,0.012328,-0.56,
,,,0.012336,-0.068,
,,,0.012344,-0.08400001,
,,,0.012352,-0.18,
,,,0.01236,-0.032,
,,,0.012368,-0.6,
,,,0.012376,-0.056,
,,,0.012384,-0.224,
,,,0.012392,-0.14,
,,,0.0124,-0.032,
,,,0.012408,-0.528,
,,,0.012416,-0.048,
,,,0.012424,-0.36400002,
,,,0.012432,-0.1,
,,,0.01244,-0.040000003,
,,,0.012448,-0.39600003,
,,,0.012456,-0.040000003,
,,,0.012464,-0.46,
,,,0.012472,-0.08400001,
,,,0.01248,-0.040000003,
,,,0.012488,-0.28800002,
,,,0.012496,-0.040000003,
,,,0.012504,-0.536,
,,,0.012512,-0.076000005,
,,,0.01252,-0.040000003,
,,,0.012528,-0.216,
,,,0.0125359995,-0.032,
,,,0.012544,-0.60800004,
,,,0.012552,-0.068,
,,,0.01256,-0.19600001,
,,,0.012568,-0.156,
,,,0.012576,-0.024,
,,,0.012584,-0.592,
,,,0.012592,-0.024,
,,,0.0126,-0.296,
,,,0.012608,-0.076000005,
,,,0.012616,-0.040000003,
,,,0.012624,-0.45200002,
,,,0.012632,-0.048,
,,,0.01264,-0.42000002,
,,,0.012648,-0.09200001,
,,,0.0126559995,-0.032,
,,,0.012664,-0.328,
,,,0.012672,-0.040000003,
,,,0.01268,-0.512,
,,,0.012688,-0.076000005,
,,,0.012696,-0.032,
,,,0.012704,-0.24000001,
,,,0.012712,-0.040000003,
,,,0.01272,-0.568,
,,,0.012728,-0.056,
,,,0.012736,-0.108,
,,,0.012744,-0.172,
,,,0.012752,-0.032,
,,,0.01276,-0.61600006,
,,,0.012768,-0.056,
,,,0.012776,-0.24800001,
,,,0.012784,-0.132,
,,,0.012792,-0.032,
,,,0.0128,-0.528,
,,,0.012808,-0.048,
,,,0.012816,-0.38000003,
,,,0.012824,-0.108,
,,,0.012832,-0.032,
,,,0.01284,-0.38000003,
,,,0.012848,-0.040000003,
,,,0.012856,-0.476,
,,,0.012864,-0.08400001,
,,,0.012872,-0.032,
,,,0.01288,-0.272,
,,,0.012888,-0.040000003,
,,,0.012896,-0.55200005,
,,,0.012904,-0.068,
,,,0.012912,-0.056,
,,,0.01292,-0.19600001,
,,,0.012928,-0.032,
,,,0.012936,-0.6,
,,,0.012944,-0.056,
,,,0.012952,-0.18800001,
,,,0.01296,-0.148,
,,,0.012968,-0.032,
,,,0.012976,-0.568,
,,,0.012984,-0.048,
,,,0.012992,-0.328,
,,,0.013,-0.116000004,
,,,0.013008,-0.040000003,
,,,0.013016,-0.43600002,
,,,0.0130239995,-0.048,
,,,0.013032,-0.43600002,
,,,0.01304,-0.09200001,
,,,0.013048,-0.032,
,,,0.013056,-0.312,
,,,0.013064,-0.040000003,
,,,0.013072,-0.528,
,,,0.01308,-0.076000005,
,,,0.013088,-0.024,
,,,0.013096,-0.224,
,,,0.013104,-0.032,
,,,0.013112,-0.58400005,
,,,0.01312,-0.068,
,,,0.013128,-0.132,
,,,0.013136,-0.164,
,,,0.0131439995,-0.040000003,
,,,0.013152,-0.60800004,
,,,0.01316,-0.048,
,,,0.013168,-0.272,
,,,0.013176,-0.124000005,
,,,0.013184,-0.032,
,,,0.013192,-0.49600002,
,,,0.0132,-0.048,
,,,0.013208,-0.39600003,
,,,0.013216,-0.108,
,,,0.013224,-0.016,
,,,0.013232,-0.356,
,,,0.01324,0.008,
,,,0.013248,-0.48800004,
,,,0.013256,-0.032,
,,,0.013264,-0.008,
,,,0.013272,-0.216,
,,,0.01328,-0.1,
,,,0.013288,-0.528,
,,,0.013296,-0.068,
,,,0.013304,-0.09200001,
,,,0.013312,-0.18800001,
,,,0.01332,-0.040000003,
,,,0.013328,-0.628,
,,,0.013336,-0.056,
,,,0.013344,-0.216,
,,,0.013352,-0.14,
,,,0.01336,-0.032,
,,,0.013368,-0.56,
,,,0.013376,-0.048,
,,,0.013384,-0.356,
,,,0.0133919995,-0.116000004,
,,,0.0134,-0.032,
,,,0.013408,-0.41200003,
,,,0.013416,-0.040000003,
,,,0.013424,-0.46,
,,,0.013432,-0.08400001,
,,,0.01344,-0.032,
,,,0.013448,-0.296,
,,,0.013456,-0.040000003,
,,,0.013464,-0.536,
,,,0.013472,-0.076000005,
,,,0.01348,-0.032,
,,,0.013488,-0.224,
,,,0.013496,-0.040000003,
,,,0.013504,-0.58400005,
,,,0.0135119995,-0.056,
,,,0.01352,-0.148,
,,,0.013528,-0.156,
,,,0.013536,-0.040000003,
,,,0.013544,-0.6,
,,,0.013552,-0.048,
,,,0.01356,-0.28800002,
,,,0.013568,-0.124000005,
,,,0.013576,-0.040000003,
,,,0.013584,-0.476,
,,,0.013592,-0.048,
,,,0.0136,-0.41200003,
,,,0.013608,-0.1,
,,,0.013616,-0.040000003,
,,,0.013624,-0.34800002,
,,,0.013632,-0.040000003,
,,,0.01364,-0.504,
,,,0.013648,-0.076000005,
,,,0.013656,-0.032,
,,,0.013664,-0.256,
,,,0.013672,-0.040000003,
,,,0.01368,-0.568,
,,,0.013688,-0.068,
,,,0.013696,-0.09200001,
,,,0.013704,-0.18,
,,,0.013712,-0.032,
,,,0.01372,-0.60800004,
,,,0.013728,-0.056,
,,,0.013736,-0.23200001,
,,,0.013744,-0.14,
,,,0.013752,-0.032,
,,,0.01376,-0.544,
,,,0.013768,-0.048,
,,,0.013776,-0.36400002,
,,,0.013784,-0.108,
,,,0.013792,-0.032,
,,,0.0138,-0.404,
,,,0.013808,-0.040000003,
,,,0.013816,-0.46800002,
,,,0.013824,-0.08400001,
,,,0.013832,-0.032,
,,,0.01384,-0.28800002,
,,,0.013848,-0.040000003,
,,,0.013856,-0.544,
,,,0.013864,-0.068,
,,,0.013872,-0.032,
,,,0.0138799995,-0.216,
,,,0.013888,-0.016,
,,,0.013896,-0.57600003,
,,,0.013904,-0.032,
,,,0.013912,-0.156,
,,,0.01392,-0.148,
,,,0.013928,-0.024,
,,,0.013936,-0.55200005,
,,,0.013944,-0.068,
,,,0.013952,-0.32000002,
,,,0.01396,-0.09200001,
,,,0.013968,-0.048,
,,,0.013976,-0.44400004,
,,,0.013984,-0.048,
,,,0.013992,-0.42800003,
,,,0.0139999995,-0.09200001,
,,,0.014008,-0.032,
,,,0.014016,-0.33600003,
,,,0.014024,-0.040000003,
,,,0.014032,-0.512,
,,,0.01404,-0.076000005,
,,,0.014048,-0.032,
,,,0.014056,-0.24000001,
,,,0.014064,-0.040000003,
,,,0.014072,-0.57600003,
,,,0.01408,-0.068,
,,,0.014088,-0.108,
,,,0.014096,-0.18,
,,,0.014104,-0.040000003,
,,,0.014112,-0.61600006,
,,,0.01412,-0.056,
,,,0.014128,-0.24800001,
,,,0.014136,-0.132,
,,,0.014144,-0.040000003,
,,,0.014152,-0.52000004,
,,,0.01416,-0.048,
,,,0.014168,-0.38000003,
,,,0.014176,-0.1,
,,,0.014184,-0.040000003,
,,,0.014192,-0.388,
,,,0.0142,-0.040000003,
,,,0.014208,-0.476,
,,,0.014216,-0.08400001,
,,,0.014224,-0.032,
,,,0.014232,-0.28,
,,,0.01424,-0.040000003,
,,,0.0142479995,-0.55200005,
,,,0.014256,-0.068,
,,,0.014264,-0.048,
,,,0.014272,-0.208,
,,,0.01428,-0.040000003,
,,,0.014288,-0.6,
,,,0.014296,-0.056,
,,,0.014304,-0.18,
,,,0.014312,-0.148,
,,,0.01432,-0.032,
,,,0.014328,-0.57600003,
,,,0.014336,-0.048,
,,,0.014344,-0.32000002,
,,,0.014352,-0.116000004,
,,,0.01436,-0.032,
,,,0.0143679995,-0.44400004,
,,,0.014376,-0.048,
,,,0.014384,-0.42800003,
,,,0.014392,-0.09200001,
,,,0.0144,-0.032,
,,,0.014408,-0.32000002,
,,,0.014416,-0.040000003,
,,,0.014424,-0.512,
,,,0.014432,-0.068,
,,,0.01444,-0.032,
,,,0.014448,-0.23200001,
,,,0.014456,-0.032,
,,,0.014464,-0.6,
,,,0.014472,-0.056,
,,,0.01448,-0.116000004,
,,,0.014488,-0.164,
,,,0.014496,-0.040000003,
,,,0.014504,-0.628,
,,,0.014512,-0.048,
,,,0.01452,-0.256,
,,,0.014528,-0.132,
,,,0.014536,-0.024,
,,,0.014544,-0.504,
,,,0.014552,-0.048,
,,,0.01456,-0.39600003,
,,,0.014568,-0.116000004,
,,,0.014576,-0.032,
,,,0.014584,-0.388,
,,,0.014592,-0.048,
,,,0.0146,-0.544,
,,,0.014608,-0.1,
,,,0.014616,-0.108,
,,,0.014624,-0.28,
,,,0.014632,-0.008,
,,,0.01464,-0.568,
,,,0.014648,-0.068,
,,,0.014656,-0.048,
,,,0.014664,-0.19600001,
,,,0.014672,-0.032,
,,,0.01468,-0.6,
,,,0.014688,-0.056,
,,,0.014696,-0.208,
,,,0.014704,-0.14,
,,,0.014712,-0.032,
,,,0.01472,-0.56,
,,,0.014728,-0.048,
,,,0.0147359995,-0.34800002,
,,,0.014744,-0.108,
,,,0.014752,-0.032,
,,,0.01476,-0.42800003,
,,,0.014768,-0.040000003,
,,,0.014776,-0.46,
,,,0.014784,-0.09200001,
,,,0.014792,-0.032,
,,,0.0148,-0.30400002,
,,,0.014808,-0.040000003,
,,,0.014816,-0.544,
,,,0.014824,-0.076000005,
,,,0.014832,-0.040000003,
,,,0.01484,-0.224,
,,,0.014848,-0.040000003,
,,,0.0148559995,-0.58400005,
,,,0.014864,-0.056,
,,,0.014872,-0.14,
,,,0.01488,-0.164,
,,,0.014888,-0.032,
,,,0.014896,-0.6,
,,,0.014904,-0.048,
,,,0.014912,-0.28800002,
,,,0.01492,-0.132,
,,,0.014928,-0.032,
,,,0.014936,-0.476,
,,,0.014944,-0.048,
,,,0.014952,-0.41200003,
,,,0.01496,-0.1,
,,,0.014968,-0.032,
,,,0.014976,-0.356,
,,,0.014984,-0.040000003,
,,,0.014992,-0.49600002,
,,,0.015,-0.076000005,
,,,0.015008,-0.032,
,,,0.015016,-0.256,
,,,0.015024,-0.040000003,
,,,0.015032,-0.57600003,
,,,0.01504,-0.068,
,,,0.015048,-0.08400001,
,,,0.015056,-0.18800001,
,,,0.015064,-0.040000003,
,,,0.015072,-0.61600006,
,,,0.01508,-0.056,
,,,0.015088,-0.224,
,,,0.015096,-0.14,
,,,0.0151039995,-0.032,
,,,0.015112,-0.544,
,,,0.01512,-0.048,
,,,0.015128,-0.36400002,
,,,0.015136,-0.1,
,,,0.015144,-0.032,
,,,0.015152,-0.404,
,,,0.01516,-0.040000003,
,,,0.015168,-0.476,
,,,0.015176,-0.08400001,
,,,0.015184,-0.040000003,
,,,0.015192,-0.296,
,,,0.0152,-0.040000003,
,,,0.015208,-0.55200005,
,,,0.015216,-0.076000005,
,,,0.0152239995,-0.040000003,
,,,0.015232,-0.216,
,,,0.01524,-0.040000003,
,,,0.015248,-0.61600006,
,,,0.015256,-0.068,
,,,0.015264,-0.18800001,
,,,0.015272,-0.164,
,,,0.01528,-0.016,
,,,0.015288,-0.60800004,
,,,0.015296,-0.068,
,,,0.015304,-0.272,
,,,0.015312,-0.1,
,,,0.01532,-0.016,
,,,0.015328,-0.476,
,,,0.015336,-0.040000003,
,,,0.015344,-0.42800003,
,,,0.015352,-0.1,
,,,0.01536,-0.024,
,,,0.015368,-0.33600003,
,,,0.015376,-0.040000003,
,,,0.015384,-0.52000004,
,,,0.015392,-0.08400001,
,,,0.0154,-0.032,
,,,0.015408,-0.24000001,
,,,0.015416,-0.040000003,
,,,0.015424,-0.568,
,,,0.015432,-0.068,
,,,0.01544,-0.108,
,,,0.015448,-0.18,
,,,0.015456,-0.040000003,
,,,0.015464,-0.61600006,
,,,0.0154719995,-0.056,
,,,0.01548,-0.24800001,
,,,0.015488,-0.14,
,,,0.015496,-0.024,
,,,0.015504,-0.52000004,
,,,0.015512,-0.048,
,,,0.01552,-0.38000003,
,,,0.015528,-0.108,
,,,0.015536,-0.032,
,,,0.015544,-0.388,
,,,0.015552,-0.048,
,,,0.01556,-0.46800002,
,,,0.015568,-0.08400001,
,,,0.015576,-0.032,
,,,0.015584,-0.272,
,,,0.0155919995,-0.032,
,,,0.0156,-0.568,
,,,0.015608,-0.068,
,,,0.015616,-0.056,
,,,0.015624,-0.19600001,
,,,0.015632,-0.040000003,
,,,0.01564,-0.592,
,,,0.015648,-0.056,
,,,0.015656,-0.18,
,,,0.015664,-0.148,
,,,0.015672,-0.032,
,,,0.01568,-0.57600003,
,,,0.015688,-0.048,
,,,0.015696,-0.328,
,,,0.015704,-0.116000004,
,,,0.015712,-0.032,
,,,0.01572,-0.44400004,
,,,0.015728,-0.048,
,,,0.015736,-0.45200002,
,,,0.015744,-0.09200001,
,,,0.015752,-0.032,
,,,0.01576,-0.32000002,
,,,0.015768,-0.040000003,
,,,0.015775999,-0.536,
,,,0.015784,-0.076000005,
,,,0.015792,-0.032,
,,,0.0158,-0.23200001,
,,,0.015808,-0.040000003,
,,,0.015816,-0.58400005,
,,,0.015824,-0.068,
,,,0.015832,-0.132,
,,,0.01584,-0.172,
,,,0.015848,-0.032,
,,,0.015856,-0.60800004,
,,,0.015864,-0.056,
,,,0.015872,-0.28,
,,,0.01588,-0.132,
,,,0.015888,-0.032,
,,,0.015896,-0.49600002,
,,,0.015904,-0.048,
,,,0.015912,-0.39600003,
,,,0.01592,-0.116000004,
,,,0.015928,0.0,
,,,0.015936,-0.36400002,
,,,0.015944,0.0,
,,,0.015952,-0.49600002,
,,,0.01596,-0.040000003,
,,,0.015968,-0.040000003,
,,,0.015976,-0.28,
,,,0.015984,-0.08400001,
,,,0.015992,-0.57600003,
,,,0.016,-0.056,
,,,0.016008,-0.09200001,
,,,0.016016,-0.18800001,
,,,0.016024,-0.040000003,
,,,0.016032,-0.60800004,
,,,0.01604,-0.056,
,,,0.016048,-0.216,
,,,0.016056,-0.14,
,,,0.016064,-0.032,
,,,0.016072,-0.55200005,
,,,0.01608,-0.048,
,,,0.016088,-0.34800002,
,,,0.016096,-0.108,
,,,0.016104,-0.032,
,,,0.016112,-0.41200003,
,,,0.01612,-0.048,
,,,0.016128,-0.45200002,
,,,0.016136,-0.08400001,
,,,0.016144,-0.032,
,,,0.016152,-0.296,
,,,0.01616,-0.032,
,,,0.016168,-0.56,
,,,0.016176,-0.076000005,
,,,0.016184,-0.040000003,
,,,0.016192,-0.216,
,,,0.0162,-0.040000003,
,,,0.016208,-0.592,
,,,0.016216,-0.068,
,,,0.016224,-0.156,
,,,0.016232,-0.156,
,,,0.01624,-0.040000003,
,,,0.016248,-0.6,
,,,0.016256,-0.048,
,,,0.016263999,-0.30400002,
,,,0.016272,-0.124000005,
,,,0.01628,-0.032,
,,,0.016288,-0.46800002,
,,,0.016296,-0.048,
,,,0.016304,-0.42800003,
,,,0.016312,-0.09200001,
,,,0.01632,-0.032,
,,,0.016328,-0.33600003,
,,,0.016336,-0.040000003,
,,,0.016344,-0.52000004,
,,,0.016352,-0.076000005,
,,,0.01636,-0.032,
,,,0.016368,-0.24800001,
,,,0.016376,-0.040000003,
,,,0.016384,-0.568,
,,,0.016392,-0.068,
,,,0.0164,-0.1,
,,,0.016408,-0.18,
,,,0.016416,-0.024,
,,,0.016424,-0.61600006,
,,,0.016432,-0.056,
,,,0.01644,-0.24800001,
,,,0.016448,-0.132,
,,,0.016456,-0.024,
,,,0.016464,-0.528,
,,,0.016472,-0.048,
,,,0.01648,-0.372,
,,,0.016488,-0.08400001,
,,,0.016496,-0.032,
,,,0.016504,-0.388,
,,,0.016512,-0.040000003,
,,,0.01652,-0.476,
,,,0.016528,-0.076000005,
,,,0.016536,-0.032,
,,,0.016544,-0.28,
,,,0.016552,-0.040000003,
,,,0.01656,-0.536,
,,,0.016568,-0.068,
,,,0.016576,-0.040000003,
,,,0.016584,-0.208,
,,,0.016592,-0.024,
,,,0.0166,-0.6,
,,,0.016608,-0.032,
,,,0.016616,-0.18,
,,,0.016624,-0.172,
,,,0.016632,-0.040000003,
,,,0.01664,-0.63600004,
,,,0.016648,-0.076000005,
,,,0.016656,-0.34800002,
,,,0.016664,-0.108,
,,,0.016672,-0.040000003,
,,,0.01668,-0.45200002,
,,,0.016688,-0.048,
,,,0.016696,-0.43600002,
,,,0.016704,-0.08400001,
,,,0.016712,-0.032,
,,,0.01672,-0.32000002,
,,,0.016728,-0.040000003,
,,,0.016736,-0.52000004,
,,,0.016744,-0.076000005,
,,,0.016751999,-0.032,
,,,0.01676,-0.23200001,
,,,0.016768,-0.040000003,
,,,0.016776,-0.592,
,,,0.016784,-0.068,
,,,0.016792,-0.124000005,
,,,0.0168,-0.172,
,,,0.016808,-0.040000003,
,,,0.016816,-0.60800004,
,,,0.016824,-0.056,
,,,0.016832,-0.272,
,,,0.01684,-0.132,
,,,0.016848,-0.032,
,,,0.016856,-0.512,
,,,0.016864,-0.048,
,,,0.016872,-0.404,
,,,0.01688,-0.1,
,,,0.016888,-0.032,
,,,0.016896,-0.372,
,,,0.016904,-0.040000003,
,,,0.016912,-0.49600002,
,,,0.01692,-0.08400001,
,,,0.016928,-0.032,
,,,0.016936,-0.264,
,,,0.016944,-0.040000003,
,,,0.016952,-0.55200005,
,,,0.01696,-0.068,
,,,0.016968,-0.068,
,,,0.016976,-0.19600001,
,,,0.016984,-0.024,
,,,0.016992,-0.60800004,
,,,0.016999999,-0.056,
,,,0.017008,-0.208,
,,,0.017016,-0.14,
,,,0.017024,-0.032,
,,,0.017032,-0.56,
,,,0.01704,-0.048,
,,,0.017048,-0.34800002,
,,,0.017056,-0.108,
,,,0.017064,-0.032,
,,,0.017072,-0.42000002,
,,,0.01708,-0.040000003,
,,,0.017088,-0.46,
,,,0.017096,-0.09200001,
,,,0.017104,-0.032,
,,,0.017112,-0.30400002,
,,,0.01712,-0.040000003,
,,,0.017128,-0.528,
,,,0.017136,-0.076000005,
,,,0.017144,-0.040000003,
,,,0.017152,-0.224,
,,,0.01716,-0.040000003,
,,,0.017168,-0.592,
,,,0.017176,-0.056,
,,,0.017184,-0.14,
,,,0.017192,-0.156,
,,,0.0172,-0.040000003,
,,,0.017208,-0.6,
,,,0.017216,-0.056,
,,,0.017224,-0.28800002,
,,,0.017232,-0.124000005,
,,,0.017239999,-0.032,
,,,0.017248,-0.476,
,,,0.017256,-0.048,
,,,0.017264,-0.404,
,,,0.017272,-0.116000004,
,,,0.01728,-0.024,
,,,0.017288,-0.38000003,
,,,0.017296,-0.048,
,,,0.017304,-0.568,
,,,0.017312,-0.09200001,
,,,0.01732,-0.08400001,
,,,0.017328,-0.28,
,,,0.017336,-0.048,
,,,0.017344,-0.58400005,
,,,0.017352,-0.048,
,,,0.01736,-0.09200001,
,,,0.017368,-0.18,
,,,0.017376,-0.040000003,
,,,0.017384,-0.61600006,
,,,0.017392,-0.056,
,,,0.0174,-0.23200001,
,,,0.017408,-0.14,
,,,0.017416,-0.032,
,,,0.017424,-0.544,
,,,0.017432,-0.048,
,,,0.01744,-0.372,
,,,0.017448,-0.108,
,,,0.017456,-0.032,
,,,0.017464,-0.404,
,,,0.017472,-0.040000003,
,,,0.01748,-0.46800002,
,,,0.017487999,-0.08400001,
,,,0.017496,-0.032,
,,,0.017504,-0.28800002,
,,,0.017512,-0.040000003,
,,,0.01752,-0.536,
,,,0.017528,-0.076000005,
,,,0.017536,-0.048,
,,,0.017544,-0.216,
,,,0.017552,-0.040000003,
,,,0.01756,-0.6,
,,,0.017568,-0.056,
,,,0.017576,-0.172,
,,,0.017584,-0.148,
,,,0.017592,-0.032,
,,,0.0176,-0.592,
,,,0.017608,-0.048,
,,,0.017616,-0.312,
,,,0.017624,-0.124000005,
,,,0.017632,-0.040000003,
,,,0.01764,-0.46,
,,,0.017648,-0.056,
,,,0.017656,-0.43600002,
,,,0.017664,-0.108,
,,,0.017672,-0.032,
,,,0.01768,-0.33600003,
,,,0.017688,-0.040000003,
,,,0.017696,-0.504,
,,,0.017704,-0.068,
,,,0.017712,-0.032,
,,,0.01772,-0.24800001,
,,,0.017728,-0.040000003,
,,,0.017736,-0.58400005,
,,,0.017744,-0.076000005,
,,,0.017752,-0.108,
,,,0.01776,-0.172,
,,,0.017768,-0.024,
,,,0.017776,-0.61600006,
,,,0.017784,-0.056,
,,,0.017792,-0.24000001,
,,,0.0178,-0.132,
,,,0.017808,-0.024,
,,,0.017816,-0.52000004,
,,,0.017824,-0.048,
,,,0.017832,-0.372,
,,,0.01784,-0.108,
,,,0.017848,-0.040000003,
,,,0.017856,-0.388,
,,,0.017864,-0.032,
,,,0.017872,-0.49600002,
,,,0.01788,-0.08400001,
,,,0.017888,-0.024,
,,,0.017896,-0.28,
,,,0.017904,-0.024,
,,,0.017912,-0.568,
,,,0.01792,-0.076000005,
,,,0.017928,-0.056,
,,,0.017936,-0.224,
,,,0.017944,-0.040000003,
,,,0.017952,-0.628,
,,,0.01796,-0.068,
,,,0.017968,-0.18800001,
,,,0.017975999,-0.156,
,,,0.017984,0.008,
,,,0.017992,-0.57600003,
,,,0.018,0.040000003,
,,,0.018008,-0.28800002,
,,,0.018016,-0.09200001,
,,,0.018024,-0.024,
,,,0.018032,-0.42800003,
,,,0.01804,-0.040000003,
,,,0.018048,-0.44400004,
,,,0.018056,-0.09200001,
,,,0.018064,-0.024,
,,,0.018072,-0.32000002,
,,,0.01808,-0.040000003,
,,,0.018088,-0.512,
,,,0.018096,-0.076000005,
,,,0.018104,-0.032,
,,,0.018112,-0.224,
,,,0.01812,-0.048,
,,,0.018128,-0.58400005,
,,,0.018136,-0.056,
,,,0.018144,-0.124000005,
,,,0.018152,-0.164,
,,,0.01816,-0.040000003,
,,,0.018168,-0.61600006,
,,,0.018176,-0.048,
,,,0.018184,-0.272,
,,,0.018192,-0.132,
,,,0.0182,-0.040000003,
,,,0.018208,-0.504,
,,,0.018216,-0.056,
,,,0.018223999,-0.404,
,,,0.018232,-0.1,
,,,0.01824,-0.040000003,
,,,0.018248,-0.372,
,,,0.018256,-0.048,
,,,0.018264,-0.48800004,
,,,0.018272,-0.076000005,
,,,0.01828,-0.032,
,,,0.018288,-0.264,
,,,0.018296,-0.040000003,
,,,0.018304,-0.568,
,,,0.018312,-0.076000005,
,,,0.01832,-0.076000005,
,,,0.018328,-0.18800001,
,,,0.018336,-0.024,
,,,0.018344,-0.6,
,,,0.018352,-0.056,
,,,0.01836,-0.208,
,,,0.018368,-0.148,
,,,0.018376,-0.032,
,,,0.018384,-0.55200005,
,,,0.018392,-0.048,
,,,0.0184,-0.34800002,
,,,0.018408,-0.108,
,,,0.018416,-0.040000003,
,,,0.018424,-0.42000002,
,,,0.018432,-0.040000003,
,,,0.01844,-0.46800002,
,,,0.018448,-0.09200001,
,,,0.018456,-0.024,
,,,0.018463999,-0.30400002,
,,,0.018472,-0.032,
,,,0.01848,-0.544,
,,,0.018488,-0.068,
,,,0.018496,-0.032,
,,,0.018504,-0.224,
,,,0.018512,-0.048,
,,,0.01852,-0.6,
,,,0.018528,-0.068,
,,,0.018536,-0.164,
,,,0.018544,-0.164,
,,,0.018552,-0.040000003,
,,,0.01856,-0.6,
,,,0.018568,-0.048,
,,,0.018576,-0.30400002,
,,,0.018584,-0.1,
,,,0.018592,-0.024,
,,,0.0186,-0.46800002,
,,,0.018608,-0.048,
,,,0.018616,-0.42000002,
,,,0.018624,-0.108,
,,,0.018632,-0.016,
,,,0.01864,-0.34800002,
,,,0.018648,-0.024,
,,,0.018656,-0.48800004,
,,,0.018664,-0.076000005,
,,,0.018672,-0.032,
,,,0.01868,-0.23200001,
,,,0.018688,-0.056,
,,,0.018696,-0.568,
,,,0.018704,-0.056,
,,,0.018711999,-0.09200001,
,,,0.01872,-0.172,
,,,0.018728,-0.032,
,,,0.018736,-0.61600006,
,,,0.018744,-0.056,
,,,0.018752,-0.24000001,
,,,0.01876,-0.148,
,,,0.018768,-0.032,
,,,0.018776,-0.536,
,,,0.018784,-0.056,
,,,0.018792,-0.38000003,
,,,0.0188,-0.108,
,,,0.018808,-0.040000003,
,,,0.018816,-0.39600003,
,,,0.018824,-0.048,
,,,0.018832,-0.476,
,,,0.01884,-0.08400001,
,,,0.018848,-0.040000003,
,,,0.018856,-0.28800002,
,,,0.018864,-0.040000003,
,,,0.018872,-0.55200005,
,,,0.01888,-0.076000005,
,,,0.018888,-0.040000003,
,,,0.018896,-0.216,
,,,0.018904,-0.024,
,,,0.018912,-0.592,
,,,0.01892,-0.056,
,,,0.018928,-0.164,
,,,0.018936,-0.156,
,,,0.018944,-0.032,
,,,0.018951999,-0.58400005,
,,,0.01896,-0.048,
,,,0.018968,-0.312,
,,,0.018976,-0.108,
,,,0.018984,-0.040000003,
,,,0.018992,-0.46,
,,,0.019,-0.032,
,,,0.019008,-0.43600002,
,,,0.019016,-0.09200001,
,,,0.019024,-0.024,
,,,0.019032,-0.33600003,
,,,0.01904,-0.032,
,,,0.019048,-0.52000004,
,,,0.019056,-0.076000005,
,,,0.019064,-0.024,
,,,0.019072,-0.24800001,
,,,0.01908,-0.068,
,,,0.019088,-0.58400005,
,,,0.019096,-0.068,
,,,0.019104,-0.124000005,
,,,0.019112,-0.18,
,,,0.01912,-0.048,
,,,0.019128,-0.628,
,,,0.019136,-0.048,
,,,0.019144,-0.264,
,,,0.019152,-0.116000004,
,,,0.01916,-0.032,
,,,0.019168,-0.52000004,
,,,0.019176,-0.048,
,,,0.019184,-0.38000003,
,,,0.019192,-0.108,
,,,0.019199999,-0.032,
,,,0.019208,-0.38000003,
,,,0.019216,-0.040000003,
,,,0.019224,-0.48800004,
,,,0.019232,-0.076000005,
,,,0.01924,-0.032,
,,,0.019248,-0.272,
,,,0.019256,-0.040000003,
,,,0.019264,-0.55200005,
,,,0.019272,-0.068,
,,,0.01928,-0.048,
,,,0.019288,-0.19600001,
,,,0.019296,-0.040000003,
,,,0.019304,-0.61600006,
,,,0.019312,-0.076000005,
,,,0.01932,-0.18800001,
,,,0.019328,-0.216,
,,,0.019336,-0.048,
,,,0.019344,-0.63600004,
,,,0.019352,-0.076000005,
,,,0.01936,-0.312,
,,,0.019368,-0.132,
,,,0.019376,-0.032,
,,,0.019384,-0.41200003,
,,,0.019392,-0.048,
,,,0.0194,-0.44400004,
,,,0.019408,-0.09200001,
,,,0.019416,-0.032,
,,,0.019424,-0.32000002,
,,,0.019432,-0.040000003,
,,,0.01944,-0.528,
,,,0.019448,-0.076000005,
,,,0.019456,-0.032,
,,,0.019464,-0.23200001,
,,,0.019472,-0.040000003,
,,,0.01948,-0.58400005,
,,,0.019488,-0.068,
,,,0.019496,-0.124000005,
,,,0.019504,-0.172,
,,,0.019512,-0.032,
,,,0.01952,-0.61600006,
,,,0.019528,-0.056,
,,,0.019536,-0.272,
,,,0.019544,-0.132,
,,,0.019552,-0.032,
,,,0.01956,-0.504,
,,,0.019568,-0.048,
,,,0.019576,-0.404,
,,,0.019584,-0.1,
,,,0.019592,-0.032,
,,,0.0196,-0.372,
,,,0.019608,-0.048,
,,,0.019616,-0.48800004,
,,,0.019624,-0.08400001,
,,,0.019632,-0.032,
,,,0.01964,-0.264,
,,,0.019648,-0.040000003,
,,,0.019656,-0.56,
,,,0.019664,-0.068,
,,,0.019672,-0.068,
,,,0.01968,-0.19600001,
,,,0.019687999,-0.040000003,
,,,0.019696,-0.60800004,
,,,0.019704,-0.056,
,,,0.019712,-0.208,
,,,0.01972,-0.14,
,,,0.019728,-0.032,
,,,0.019736,-0.56,
,,,0.019744,-0.048,
,,,0.019752,-0.34800002,
,,,0.01976,-0.116000004,
,,,0.019768,-0.032,
,,,0.019776,-0.42000002,
,,,0.019784,-0.048,
,,,0.019792,-0.45200002,
,,,0.0198,-0.09200001,
,,,0.019808,-0.032,
,,,0.019816,-0.30400002,
,,,0.019824,-0.048,
,,,0.019832,-0.536,
,,,0.01984,-0.076000005,
,,,0.019848,-0.032,
,,,0.019856,-0.224,
,,,0.019864,-0.032,
,,,0.019872,-0.592,
,,,0.01988,-0.068,
,,,0.019888,-0.14,
,,,0.019896,-0.18800001,
,,,0.019904,-0.032,
,,,0.019912,-0.6,
,,,0.01992,-0.056,
,,,0.019928,-0.296,
,,,0.019935999,-0.124000005,
,,,0.019944,-0.040000003,
,,,0.019952,-0.48800004,
,,,0.01996,-0.056,
,,,0.019968,-0.41200003,
,,,0.019976,-0.124000005,
,,,0.019984,-0.032,
,,,0.019992,-0.388,
,,,0.02,-0.056,
,,,0.020008,-0.528,
,,,0.020016,-0.068,
,,,0.020024,-0.040000003,
,,,0.020032,-0.256,
,,,0.02004,-0.024,
,,,0.020048,-0.56,
,,,0.020056,-0.056,
,,,0.020064,-0.076000005,
,,,0.020072,-0.18800001,
,,,0.02008,-0.032,
,,,0.020088,-0.60800004,
,,,0.020096,-0.056,
,,,0.020104,-0.224,
,,,0.020112,-0.14,
,,,0.02012,-0.032,
,,,0.020128,-0.544,
,,,0.020136,-0.048,
,,,0.020144,-0.372,
,,,0.020152,-0.108,
,,,0.02016,-0.032,
,,,0.020168,-0.41200003,
,,,0.020175999,-0.048,
,,,0.020184,-0.46,
,,,0.020192,-0.09200001,
,,,0.0202,-0.032,
,,,0.020208,-0.28800002,
,,,0.020216,-0.040000003,
,,,0.020224,-0.544,
,,,0.020232,-0.076000005,
,,,0.02024,-0.040000003,
,,,0.020248,-0.224,
,,,0.020256,-0.040000003,
,,,0.020264,-0.592,
,,,0.020272,-0.056,
,,,0.02028,-0.164,
,,,0.020288,-0.156,
,,,0.020296,-0.040000003,
,,,0.020304,-0.592,
,,,0.020312,-0.048,
,,,0.02032,-0.30400002,
,,,0.020328,-0.124000005,
,,,0.020336,-0.032,
,,,0.020344,-0.46,
,,,0.020352,-0.040000003,
,,,0.02036,-0.42800003,
,,,0.020368,-0.09200001,
,,,0.020376,-0.032,
,,,0.020384,-0.33600003,
,,,0.020392,-0.040000003,
,,,0.0204,-0.512,
,,,0.020408,-0.076000005,
,,,0.020416,-0.032,
,,,0.020423999,-0.24800001,
,,,0.020432,-0.032,
,,,0.02044,-0.57600003,
,,,0.020448,-0.068,
,,,0.020456,-0.1,
,,,0.020464,-0.172,
,,,0.020472,-0.040000003,
,,,0.02048,-0.61600006,
,,,0.020488,-0.056,
,,,0.020496,-0.24800001,
,,,0.020504,-0.124000005,
,,,0.020512,-0.040000003,
,,,0.02052,-0.528,
,,,0.020528,-0.048,
,,,0.020536,-0.38000003,
,,,0.020544,-0.108,
,,,0.020552,-0.032,
,,,0.02056,-0.39600003,
,,,0.020568,-0.048,
,,,0.020576,-0.476,
,,,0.020584,-0.08400001,
,,,0.020592,-0.032,
,,,0.0206,-0.28,
,,,0.020608,-0.040000003,
,,,0.020616,-0.55200005,
,,,0.020624,-0.068,
,,,0.020632,-0.048,
,,,0.02064,-0.19600001,
,,,0.020648,-0.040000003,
,,,0.020656,-0.6,
,,,0.020663999,-0.068,
,,,0.020672,-0.132,
,,,0.02068,-0.14,
,,,0.020688,0.008,
,,,0.020696,-0.568,
,,,0.020704,-0.040000003,
,,,0.020712,-0.36400002,
,,,0.02072,-0.124000005,
,,,0.020728,-0.032,
,,,0.020736,-0.41200003,
,,,0.020744,-0.048,
,,,0.020752,-0.43600002,
,,,0.02076,-0.09200001,
,,,0.020768,-0.032,
,,,0.020776,-0.32000002,
,,,0.020784,-0.048,
,,,0.020792,-0.528,
,,,0.0208,-0.076000005,
,,,0.020808,-0.032,
,,,0.020816,-0.23200001,
,,,0.020824,-0.040000003,
,,,0.020832,-0.58400005,
,,,0.02084,-0.056,
,,,0.020848,-0.124000005,
,,,0.020856,-0.172,
,,,0.020864,-0.032,
,,,0.020872,-0.61600006,
,,,0.02088,-0.056,
,,,0.020888,-0.272,
,,,0.020896,-0.132,
,,,0.020904,-0.032,
,,,0.020911999,-0.504,
,,,0.02092,-0.048,
,,,0.020928,-0.39600003,
,,,0.020936,-0.1,
,,,0.020944,-0.032,
,,,0.020952,-0.372,
,,,0.02096,-0.040000003,
,,,0.020968,-0.49600002,
,,,0.020976,-0.08400001,
,,,0.020984,-0.032,
,,,0.020992,-0.272,
,,,0.021,-0.040000003,
,,,0.021008,-0.56,
,,,0.021016,-0.068,
,,,0.021024,-0.076000005,
,,,0.021032,-0.208,
,,,0.02104,-0.040000003,
,,,0.021048,-0.60800004,
,,,0.021056,-0.056,
,,,0.021064,-0.208,
,,,0.021072,-0.148,
,,,0.02108,-0.032,
,,,0.021088,-0.56,
,,,0.021096,-0.048,
,,,0.021104,-0.34800002,
,,,0.021112,-0.108,
,,,0.02112,-0.032,
,,,0.021128,-0.42000002,
,,,0.021136,-0.048,
,,,0.021144,-0.46,
,,,0.021152,-0.09200001,
,,,0.02116,-0.032,
,,,0.021168,-0.30400002,
,,,0.021176,-0.040000003,
,,,0.021184,-0.536,
,,,0.021192,-0.076000005,
,,,0.0212,-0.032,
,,,0.021208,-0.216,
,,,0.021216,-0.040000003,
,,,0.021224,-0.592,
,,,0.021232,-0.056,
,,,0.02124,-0.148,
,,,0.021248,-0.156,
,,,0.021256,-0.032,
,,,0.021264,-0.6,
,,,0.021272,-0.048,
,,,0.02128,-0.296,
,,,0.021288,-0.116000004,
,,,0.021296,-0.032,
,,,0.021304,-0.46800002,
,,,0.021312,-0.048,
,,,0.02132,-0.404,
,,,0.021328,-0.09200001,
,,,0.021336,-0.016,
,,,0.021344,-0.34800002,
,,,0.021352,-0.09200001,
,,,0.02136,-0.49600002,
,,,0.021368,-0.09200001,
,,,0.021376,-0.048,
,,,0.021384,-0.296,
,,,0.021392,-0.032,
,,,0.021399999,-0.57600003,
,,,0.021408,-0.056,
,,,0.021416,-0.09200001,
,,,0.021424,-0.18,
,,,0.021432,-0.032,
,,,0.02144,-0.61600006,
,,,0.021448,-0.056,
,,,0.021456,-0.24000001,
,,,0.021464,-0.14,
,,,0.021472,-0.040000003,
,,,0.02148,-0.536,
,,,0.021488,-0.048,
,,,0.021496,-0.372,
,,,0.021504,-0.108,
,,,0.021512,-0.032,
,,,0.02152,-0.39600003,
,,,0.021528,-0.048,
,,,0.021536,-0.46800002,
,,,0.021544,-0.08400001,
,,,0.021552,-0.032,
,,,0.02156,-0.28800002,
,,,0.021568,-0.040000003,
,,,0.021576,-0.544,
,,,0.021584,-0.068,
,,,0.021592,-0.048,
,,,0.0216,-0.208,
,,,0.021608,-0.040000003,
,,,0.021616,-0.6,
,,,0.021624,-0.056,
,,,0.021632,-0.172,
,,,0.02164,-0.164,
,,,0.021647999,-0.032,
,,,0.021656,-0.58400005,
,,,0.021664,-0.048,
,,,0.021672,-0.32000002,
,,,0.02168,-0.116000004,
,,,0.021688,-0.032,
,,,0.021696,-0.45200002,
,,,0.021704,-0.048,
,,,0.021712,-0.43600002,
,,,0.02172,-0.09200001,
,,,0.021728,-0.032,
,,,0.021736,-0.328,
,,,0.021744,-0.040000003,
,,,0.021752,-0.52000004,
,,,0.02176,-0.076000005,
,,,0.021768,-0.032,
,,,0.021776,-0.24000001,
,,,0.021784,-0.032,
,,,0.021792,-0.57600003,
,,,0.0218,-0.068,
,,,0.021808,-0.116000004,
,,,0.021816,-0.172,
,,,0.021824,-0.040000003,
,,,0.021832,-0.61600006,
,,,0.02184,-0.056,
,,,0.021848,-0.264,
,,,0.021856,-0.132,
,,,0.021864,-0.032,
,,,0.021872,-0.512,
,,,0.02188,-0.048,
,,,0.021887999,-0.388,
,,,0.021896,-0.108,
,,,0.021904,-0.032,
,,,0.021912,-0.372,
,,,0.02192,-0.056,
,,,0.021928,-0.48800004,
,,,0.021936,-0.08400001,
,,,0.021944,-0.032,
,,,0.021952,-0.272,
,,,0.02196,-0.040000003,
,,,0.021968,-0.56,
,,,0.021976,-0.068,
,,,0.021984,-0.056,
,,,0.021992,-0.208,
,,,0.022,-0.048,
,,,0.022008,-0.60800004,
,,,0.022016,-0.1,
,,,0.022024,-0.19600001,
,,,0.022032,-0.18800001,
,,,0.02204,-0.048,
,,,0.022048,-0.66,
,,,0.022056,-0.068,
,,,0.022064,-0.404,
,,,0.022072,-0.116000004,
,,,0.02208,-0.040000003,
,,,0.022088,-0.42800003,
,,,0.022096,-0.048,
,,,0.022104,-0.45200002,
,,,0.022112,-0.09200001,
,,,0.02212,-0.032,
,,,0.022128,-0.30400002,
,,,0.022135999,-0.040000003,
,,,0.022144,-0.536,
,,,0.022152,-0.076000005,
,,,0.02216,-0.032,
,,,0.022168,-0.23200001,
,,,0.022176,-0.040000003,
,,,0.022184,-0.592,
,,,0.022192,-0.068,
,,,0.0222,-0.14,
,,,0.022208,-0.156,
,,,0.022216,-0.032,
,,,0.022224,-0.6,
,,,0.022232,-0.048,
,,,0.02224,-0.28800002,
,,,0.022248,-0.124000005,
,,,0.022256,-0.032,
,,,0.022264,-0.48800004,
,,,0.022272,-0.048,
,,,0.02228,-0.41200003,
,,,0.022288,-0.1,
,,,0.022296,-0.032,
,,,0.022304,-0.356,
,,,0.022312,-0.040000003,
,,,0.02232,-0.504,
,,,0.022328,-0.076000005,
,,,0.022336,-0.032,
,,,0.022344,-0.256,
,,,0.022352,-0.040000003,
,,,0.02236,-0.568,
,,,0.022368,-0.068,
,,,0.022375999,-0.08400001,
,,,0.022384,-0.18,
,,,0.022392,-0.040000003,
,,,0.0224,-0.61600006,
,,,0.022408,-0.056,
,,,0.022416,-0.23200001,
,,,0.022424,-0.14,
,,,0.022432,-0.032,
,,,0.02244,-0.544,
,,,0.022448,-0.048,
,,,0.022456,-0.36400002,
,,,0.022464,-0.108,
,,,0.022472,-0.032,
,,,0.02248,-0.404,
,,,0.022488,-0.016,
,,,0.022496,-0.46800002,
,,,0.022504,-0.08400001,
,,,0.022512,-0.032,
,,,0.02252,-0.28800002,
,,,0.022528,-0.056,
,,,0.022536,-0.544,
,,,0.022544,-0.068,
,,,0.022552,-0.040000003,
,,,0.02256,-0.216,
,,,0.022568,-0.032,
,,,0.022576,-0.6,
,,,0.022584,-0.056,
,,,0.022592,-0.164,
,,,0.0226,-0.164,
,,,0.022608,-0.040000003,
,,,0.022616,-0.592,
,,,0.022623999,-0.056,
,,,0.022632,-0.312,
,,,0.02264,-0.116000004,
,,,0.022648,-0.032,
,,,0.022656,-0.46800002,
,,,0.022664,-0.068,
,,,0.022672,-0.42000002,
,,,0.02268,-0.116000004,
,,,0.022688,-0.032,
,,,0.022696,-0.36400002,
,,,0.022704,-0.040000003,
,,,0.022712,-0.504,
,,,0.02272,-0.068,
,,,0.022728,-0.024,
,,,0.022736,-0.256,
,,,0.022744,-0.016,
,,,0.022752,-0.57600003,
,,,0.02276,-0.056,
,,,0.022768,-0.1,
,,,0.022776,-0.18,
,,,0.022784,-0.040000003,
,,,0.022792,-0.61600006,
,,,0.0228,-0.056,
,,,0.022808,-0.24800001,
,,,0.022816,-0.132,
,,,0.022824,-0.032,
,,,0.022832,-0.528,
,,,0.02284,-0.048,
,,,0.022848,-0.38000003,
,,,0.022856,-0.108,
,,,0.022864,-0.032,
,,,0.022872,-0.388,
,,,0.02288,-0.040000003,
,,,0.022888,-0.476,
,,,0.022896,-0.08400001,
,,,0.022904,-0.032,
,,,0.022912,-0.28800002,
,,,0.02292,-0.040000003,
,,,0.022928,-0.55200005,
,,,0.022936,-0.076000005,
,,,0.022944,-0.048,
,,,0.022952,-0.19600001,
,,,0.02296,-0.040000003,
,,,0.022968,-0.6,
,,,0.022976,-0.056,
,,,0.022984,-0.18,
,,,0.022992,-0.148,
,,,0.023,-0.032,
,,,0.023008,-0.57600003,
,,,0.023016,-0.040000003,
,,,0.023024,-0.312,
,,,0.023032,-0.124000005,
,,,0.02304,-0.032,
,,,0.023048,-0.44400004,
,,,0.023056,-0.056,
,,,0.023064,-0.43600002,
,,,0.023072,-0.1,
,,,0.02308,-0.032,
,,,0.023088,-0.328,
,,,0.023096,-0.040000003,
,,,0.023104,-0.52000004,
,,,0.023111999,-0.076000005,
,,,0.02312,-0.032,
,,,0.023128,-0.24000001,
,,,0.023136,-0.032,
,,,0.023144,-0.58400005,
,,,0.023152,-0.076000005,
,,,0.02316,-0.124000005,
,,,0.023168,-0.172,
,,,0.023176,-0.040000003,
,,,0.023184,-0.60800004,
,,,0.023192,-0.056,
,,,0.0232,-0.264,
,,,0.023208,-0.132,
,,,0.023216,-0.032,
,,,0.023224,-0.49600002,
,,,0.023232,-0.048,
,,,0.02324,-0.39600003,
,,,0.023248,-0.1,
,,,0.023256,-0.032,
,,,0.023264,-0.372,
,,,0.023272,-0.032,
,,,0.02328,-0.48800004,
,,,0.023288,-0.08400001,
,,,0.023296,-0.040000003,
,,,0.023304,-0.272,
,,,0.023312,-0.032,
,,,0.02332,-0.56,
,,,0.023328,-0.068,
,,,0.023336,-0.056,
,,,0.023344,-0.208,
,,,0.023352,-0.048,
,,,0.023359999,-0.6,
,,,0.023368,-0.048,
,,,0.023376,-0.156,
,,,0.023384,-0.14,
,,,0.023392,-0.008,
,,,0.0234,-0.55200005,
,,,0.023408,-0.08400001,
,,,0.023416,-0.388,
,,,0.023424,-0.14,
,,,0.023432,-0.032,
,,,0.02344,-0.43600002,
,,,0.023448,-0.048,
,,,0.023456,-0.45200002,
,,,0.023464,-0.09200001,
,,,0.023472,-0.040000003,
,,,0.02348,-0.312,
,,,0.023488,-0.040000003,
,,,0.023496,-0.536,
,,,0.023504,-0.076000005,
,,,0.023512,-0.032,
,,,0.02352,-0.216,
,,,0.023528,-0.040000003,
,,,0.023536,-0.592,
,,,0.023544,-0.056,
,,,0.023552,-0.148,
,,,0.02356,-0.164,
,,,0.023568,-0.032,
,,,0.023576,-0.60800004,
,,,0.023584,-0.048,
,,,0.023592,-0.28,
,,,0.023599999,-0.124000005,
,,,0.023608,-0.032,
,,,0.023616,-0.476,
,,,0.023624,-0.048,
,,,0.023632,-0.41200003,
,,,0.02364,-0.1,
,,,0.023648,-0.032,
,,,0.023656,-0.356,
,,,0.023664,-0.056,
,,,0.023672,-0.504,
,,,0.02368,-0.076000005,
,,,0.023688,-0.032,
,,,0.023696,-0.256,
,,,0.023704,-0.040000003,
,,,0.023712,-0.568,
,,,0.02372,-0.068,
,,,0.023728,-0.09200001,
,,,0.023736,-0.18800001,
,,,0.023744,-0.040000003,
,,,0.023752,-0.61600006,
,,,0.02376,-0.056,
,,,0.023768,-0.24000001,
,,,0.023776,-0.14,
,,,0.023784,-0.032,
,,,0.023792,-0.536,
,,,0.0238,-0.048,
,,,0.023808,-0.372,
,,,0.023816,-0.108,
,,,0.023824,-0.040000003,
,,,0.023832,-0.404,
,,,0.02384,-0.032,
,,,0.023847999,-0.46800002,
,,,0.023856,-0.08400001,
,,,0.023864,-0.032,
,,,0.023872,-0.28800002,
,,,0.02388,-0.040000003,
,,,0.023888,-0.55200005,
,,,0.023896,-0.068,
,,,0.023904,-0.032,
,,,0.023912,-0.216,
,,,0.02392,-0.040000003,
,,,0.023928,-0.6,
,,,0.023936,-0.056,
,,,0.023944,-0.18800001,
,,,0.023952,-0.156,
,,,0.02396,-0.040000003,
,,,0.023968,-0.592,
,,,0.023976,-0.048,
,,,0.023984,-0.32000002,
,,,0.023992,-0.108,
,,,0.024,-0.032,
,,,0.024008,-0.46,
,,,0.024016,-0.056,
,,,0.024024,-0.42000002,
,,,0.024032,-0.1,
,,,0.02404,-0.024,
,,,0.024048,-0.33600003,
,,,0.024056,-0.1,
,,,0.024064,-0.504,
,,,0.024072,-0.076000005,
,,,0.02408,-0.056,
,,,0.024087999,-0.272,
,,,0.024096,-0.016,
,,,0.024104,-0.568,
,,,0.024112,-0.056,
,,,0.02412,-0.108,
,,,0.024128,-0.18,
,,,0.024136,-0.032,
,,,0.024144,-0.61600006,
,,,0.024152,-0.048,
,,,0.02416,-0.24800001,
,,,0.024168,-0.14,
,,,0.024176,-0.032,
,,,0.024184,-0.52000004,
,,,0.024192,-0.024,
,,,0.0242,-0.38000003,
,,,0.024208,-0.108,
,,,0.024216,-0.032,
,,,0.024224,-0.388,
,,,0.024232,-0.048,
,,,0.02424,-0.476,
,,,0.024248,-0.08400001,
,,,0.024256,-0.032,
,,,0.024264,-0.28800002,
,,,0.024272,-0.040000003,
,,,0.02428,-0.55200005,
,,,0.024288,-0.076000005,
,,,0.024296,-0.056,
,,,0.024304,-0.208,
,,,0.024312,-0.040000003,
,,,0.02432,-0.60800004,
,,,0.024328,-0.068,
,,,0.024335999,-0.18800001,
,,,0.024344,-0.148,
,,,0.024352,-0.032,
,,,0.02436,-0.568,
,,,0.024368,-0.056,
,,,0.024376,-0.328,
,,,0.024384,-0.116000004,
,,,0.024392,-0.032,
,,,0.0244,-0.43600002,
,,,0.024408,-0.040000003,
,,,0.024416,-0.44400004,
,,,0.024424,-0.09200001,
,,,0.024432,-0.032,
,,,0.02444,-0.32000002,
,,,0.024448,-0.040000003,
,,,0.024456,-0.528,
,,,0.024464,-0.076000005,
,,,0.024472,-0.032,
,,,0.02448,-0.224,
,,,0.024488,-0.040000003,
,,,0.024496,-0.58400005,
,,,0.024504,-0.056,
,,,0.024512,-0.116000004,
,,,0.02452,-0.164,
,,,0.024528,-0.040000003,
,,,0.024536,-0.60800004,
,,,0.024544,-0.056,
,,,0.024552,-0.28,
,,,0.02456,-0.124000005,
,,,0.024568,-0.032,
,,,0.024576,-0.49600002,
,,,0.024583999,-0.048,
,,,0.024592,-0.39600003,
,,,0.0246,-0.1,
,,,0.024608,-0.040000003,
,,,0.024616,-0.36400002,
,,,0.024624,-0.048,
,,,0.024632,-0.49600002,
,,,0.02464,-0.08400001,
,,,0.024648,-0.032,
,,,0.024656,-0.264,
,,,0.024664,-0.040000003,
,,,0.024672,-0.56,
,,,0.02468,-0.068,
,,,0.024688,-0.08400001,
,,,0.024696,-0.19600001,
,,,0.024704,-0.068,
,,,0.024712,-0.61600006,
,,,0.02472,-0.09200001,
,,,0.024728,-0.224,
,,,0.024736,-0.18800001,
,,,0.024744,-0.056,
,,,0.024752,-0.57600003,
,,,0.02476,-0.016,
,,,0.024768,-0.28,
,,,0.024776,-0.116000004,
,,,0.024784,-0.040000003,
,,,0.024792,-0.41200003,
,,,0.0248,-0.048,
,,,0.024808,-0.46,
,,,0.024816,-0.08400001,
,,,0.024823999,-0.032,
,,,0.024832,-0.32000002,
,,,0.02484,-0.040000003,
,,,0.024848,-0.536,
,,,0.024856,-0.076000005,
,,,0.024864,-0.040000003,
,,,0.024872,-0.23200001,
,,,0.02488,-0.040000003,
,,,0.024888,-0.592,
,,,0.024896,-0.068,
,,,0.024904,-0.156,
,,,0.024912,-0.156,
,,,0.02492,-0.032,
,,,0.024928,-0.60800004,
,,,0.024936,-0.056,
,,,0.024944,-0.296,
,,,0.024952,-0.124000005,
,,,0.02496,-0.040000003,
,,,0.024968,-0.476,
,,,0.024976,-0.040000003,
,,,0.024984,-0.42000002,
,,,0.024992,-0.1,
,,,0.025,-0.032,
,,,0.025008,-0.356,
,,,0.025016,-0.040000003,
,,,0.025024,-0.504,
,,,0.025032,-0.08400001,
,,,0.02504,-0.024,
,,,0.025048,-0.256,
,,,0.025056,-0.040000003,
,,,0.025064,-0.568,
,,,0.025071999,-0.056,
,,,0.02508,-0.09200001,
,,,0.025088,-0.18,
,,,0.025096,-0.040000003,
,,,0.025104,-0.60800004,
,,,0.025112,-0.048,
,,,0.02512,-0.24800001,
,,,0.025128,-0.14,
,,,0.025136,-0.024,
,,,0.025144,-0.536,
,,,0.025152,-0.056,
,,,0.02516,-0.36400002,
,,,0.025168,-0.108,
,,,0.025176,-0.040000003,
,,,0.025184,-0.404,
,,,0.025192,-0.048,
,,,0.0252,-0.46800002,
,,,0.025208,-0.09200001,
,,,0.025216,-0.032,
,,,0.025224,-0.28800002,
,,,0.025232,-0.040000003,
,,,0.02524,-0.544,
,,,0.025248,-0.076000005,
,,,0.025256,-0.040000003,
,,,0.025264,-0.208,
,,,0.025272,-0.040000003,
,,,0.02528,-0.6,
,,,0.025288,-0.068,
,,,0.025296,-0.156,
,,,0.025304,-0.164,
,,,0.025311999,-0.032,
,,,0.02532,-0.592,
,,,0.025328,-0.068,
,,,0.025336,-0.32000002,
,,,0.025344,-0.116000004,
,,,0.025352,-0.032,
,,,0.02536,-0.46,
,,,0.025368,-0.068,
,,,0.025376,-0.42800003,
,,,0.025384,-0.1,
,,,0.025392,-0.032,
,,,0.0254,-0.34800002,
,,,0.025408,-0.048,
,,,0.025416,-0.48800004,
,,,0.025424,-0.068,
,,,0.025432,0.040000003,
,,,0.02544,-0.296,
,,,0.025448,-0.032,
,,,0.025456,-0.57600003,
,,,0.025464,-0.068,
,,,0.025472,-0.108,
,,,0.02548,-0.18,
,,,0.025488,-0.040000003,
,,,0.025496,-0.61600006,
,,,0.025504,-0.056,
,,,0.025512,-0.24800001,
,,,0.02552,-0.132,
,,,0.025528,-0.032,
,,,0.025536,-0.52000004,
,,,0.025544,-0.032,
,,,0.025552,-0.38000003,
,,,0.025559999,-0.1,
,,,0.025568,-0.032,
,,,0.025576,-0.38000003,
,,,0.025584,-0.040000003,
,,,0.025592,-0.476,
,,,0.0256,-0.08400001,
,,,0.025608,-0.024,
,,,0.025616,-0.272,
,,,0.025624,-0.040000003,
,,,0.025632,-0.55200005,
,,,0.02564,-0.068,
,,,0.025648,-0.056,
,,,0.025656,-0.208,
,,,0.025664,-0.040000003,
,,,0.025672,-0.6,
,,,0.02568,-0.056,
,,,0.025688,-0.19600001,
,,,0.025696,-0.156,
,,,0.025704,-0.032,
,,,0.025712,-0.57600003,
,,,0.02572,-0.056,
,,,0.025728,-0.328,
,,,0.025736,-0.116000004,
,,,0.025744,-0.032,
,,,0.025752,-0.44400004,
,,,0.02576,-0.048,
,,,0.025768,-0.44400004,
,,,0.025776,-0.1,
,,,0.025784,-0.032,
,,,0.025792,-0.32000002,
,,,0.025799999,-0.040000003,
,,,0.025808,-0.528,
,,,0.025816,-0.076000005,
,,,0.025824,-0.040000003,
,,,0.025832,-0.23200001,
,,,0.02584,-0.032,
,,,0.025848,-0.58400005,
,,,0.025856,-0.068,
,,,0.025864,-0.124000005,
,,,0.025872,-0.172,
,,,0.02588,-0.040000003,
,,,0.025888,-0.60800004,
,,,0.025896,-0.068,
,,,0.025904,-0.272,
,,,0.025912,-0.124000005,
,,,0.02592,-0.040000003,
,,,0.025928,-0.504,
,,,0.025936,-0.040000003,
,,,0.025944,-0.39600003,
,,,0.025952,-0.1,
,,,0.02596,-0.032,
,,,0.025968,-0.36400002,
,,,0.025976,-0.040000003,
,,,0.025984,-0.48800004,
,,,0.025992,-0.08400001,
,,,0.026,-0.024,
,,,0.026008,-0.264,
,,,0.026016,-0.040000003,
,,,0.026024,-0.55200005,
,,,0.026032,-0.068,
,,,0.02604,-0.056,
,,,0.026047999,-0.19600001,
,,,0.026056,-0.048,
,,,0.026064,-0.60800004,
,,,0.026072,-0.056,
,,,0.02608,-0.172,
,,,0.026088,-0.14,
,,,0.026096,-0.024,
,,,0.026104,-0.55200005,
,,,0.026112,0.0,
,,,0.02612,-0.372,
,,,0.026128,-0.116000004,
,,,0.026136,-0.032,
,,,0.026144,-0.42800003,
,,,0.026152,-0.048,
,,,0.02616,-0.44400004,
,,,0.026168,-0.08400001,
,,,0.026176,-0.024,
,,,0.026184,-0.296,
,,,0.026192,-0.040000003,
,,,0.0262,-0.528,
,,,0.026208,-0.056,
,,,0.026216,-0.040000003,
,,,0.026224,-0.224,
,,,0.026232,-0.032,
,,,0.02624,-0.58400005,
,,,0.026248,-0.056,
,,,0.026256,-0.14,
,,,0.026264,-0.164,
,,,0.026272,-0.032,
,,,0.02628,-0.60800004,
,,,0.026287999,-0.076000005,
,,,0.026295999,-0.28800002,
,,,0.026304,-0.124000005,
,,,0.026312,-0.040000003,
,,,0.02632,-0.48800004,
,,,0.026328,-0.076000005,
,,,0.026336,-0.41200003,
,,,0.026344,-0.09200001,
,,,0.026352,-0.040000003,
,,,0.02636,-0.34800002,
,,,0.026368,-0.032,
,,,0.026376,-0.504,
,,,0.026384,-0.076000005,
,,,0.026392,-0.032,
,,,0.0264,-0.256,
,,,0.026408,-0.040000003,
,,,0.026416,-0.568,
,,,0.026424,-0.068,
,,,0.026432,-0.068,
,,,0.02644,-0.18,
,,,0.026448,-0.032,
,,,0.026456,-0.6,
,,,0.026464,-0.056,
,,,0.026472,-0.224,
,,,0.02648,-0.132,
,,,0.026488,-0.024,
,,,0.026496,-0.536,
,,,0.026504,-0.040000003,
,,,0.026512,-0.36400002,
,,,0.02652,-0.116000004,
,,,0.026528,-0.032,
,,,0.026535999,-0.41200003,
,,,0.026544,-0.048,
,,,0.026552,-0.46800002,
,,,0.02656,-0.09200001,
,,,0.026568,-0.016,
,,,0.026576,-0.30400002,
,,,0.026584,-0.040000003,
,,,0.026592,-0.536,
,,,0.0266,-0.068,
,,,0.026608,-0.048,
,,,0.026616,-0.216,
,,,0.026624,-0.032,
,,,0.026632,-0.60800004,
,,,0.02664,-0.068,
,,,0.026648,-0.172,
,,,0.026656,-0.156,
,,,0.026664,-0.032,
,,,0.026672,-0.592,
,,,0.02668,-0.024,
,,,0.026688,-0.30400002,
,,,0.026696,-0.108,
,,,0.026704,-0.024,
,,,0.026712,-0.45200002,
,,,0.02672,-0.040000003,
,,,0.026728,-0.42000002,
,,,0.026736,-0.1,
,,,0.026744,-0.040000003,
,,,0.026752,-0.32000002,
,,,0.02676,-0.1,
,,,0.026768,-0.504,
,,,0.026776,-0.18,
,,,0.026783999,-0.056,
,,,0.026792,-0.28800002,
,,,0.0268,-0.048,
,,,0.026808,-0.57600003,
,,,0.026816,-0.068,
,,,0.026824,-0.108,
,,,0.026832,-0.172,
,,,0.02684,-0.032,
,,,0.026848,-0.60800004,
,,,0.026856,-0.08400001,
,,,0.026864,-0.24800001,
,,,0.026872,-0.132,
,,,0.02688,-0.040000003,
,,,0.026888,-0.52000004,
,,,0.026896,-0.068,
,,,0.026904,-0.388,
,,,0.026912,-0.1,
,,,0.02692,-0.040000003,
,,,0.026928,-0.372,
,,,0.026936,-0.040000003,
,,,0.026944,-0.476,
,,,0.026952,-0.08400001,
,,,0.02696,-0.032,
,,,0.026968,-0.272,
,,,0.026976,-0.040000003,
,,,0.026984,-0.55200005,
,,,0.026992,-0.076000005,
,,,0.027,-0.040000003,
,,,0.027008,-0.19600001,
,,,0.027016,-0.040000003,
,,,0.027023999,-0.592,
,,,0.027032,-0.068,
,,,0.02704,-0.18,
,,,0.027048,-0.14,
,,,0.027056,-0.040000003,
,,,0.027064,-0.568,
,,,0.027072,-0.040000003,
,,,0.02708,-0.328,
,,,0.027088,-0.108,
,,,0.027096,-0.032,
,,,0.027104,-0.44400004,
,,,0.027112,-0.040000003,
,,,0.02712,-0.44400004,
,,,0.027128,-0.09200001,
,,,0.027136,-0.024,
,,,0.027144,-0.328,
,,,0.027152,-0.040000003,
,,,0.02716,-0.528,
,,,0.027168,-0.068,
,,,0.027176,-0.040000003,
,,,0.027184,-0.23200001,
,,,0.027192,-0.040000003,
,,,0.0272,-0.6,
,,,0.027208,-0.068,
,,,0.027216,-0.132,
,,,0.027224,-0.172,
,,,0.027232,-0.040000003,
,,,0.02724,-0.60800004,
,,,0.027248,-0.040000003,
,,,0.027256,-0.264,
,,,0.027264,-0.124000005,
,,,0.027271999,-0.024,
,,,0.02728,-0.504,
,,,0.027288,-0.048,
,,,0.027296,-0.404,
,,,0.027304,-0.1,
,,,0.027312,-0.040000003,
,,,0.02732,-0.356,
,,,0.027328,-0.040000003,
,,,0.027336,-0.49600002,
,,,0.027344,-0.068,
,,,0.027352,-0.032,
,,,0.02736,-0.24800001,
,,,0.027368,-0.024,
,,,0.027376,-0.55200005,
,,,0.027384,-0.056,
,,,0.027392,-0.08400001,
,,,0.0274,-0.208,
,,,0.027408,-0.068,
,,,0.027416,-0.60800004,
,,,0.027424,-0.076000005,
,,,0.027432,-0.208,
,,,0.02744,-0.18,
,,,0.027448,-0.056,
,,,0.027456,-0.568,
,,,0.027464,-0.056,
,,,0.027472,-0.38000003,
,,,0.02748,-0.116000004,
,,,0.027488,-0.040000003,
,,,0.027496,-0.42000002,
,,,0.027504,-0.040000003,
,,,0.027511999,-0.46,
,,,0.02752,-0.09200001,
,,,0.027528,-0.032,
,,,0.027536,-0.296,
,,,0.027544,-0.040000003,
,,,0.027552,-0.536,
,,,0.02756,-0.076000005,
,,,0.027568,-0.032,
,,,0.027576,-0.216,
,,,0.027584,-0.040000003,
,,,0.027592,-0.592,
,,,0.0276,-0.068,
,,,0.027608,-0.148,
,,,0.027616,-0.156,
,,,0.027624,-0.032,
,,,0.027632,-0.6,
,,,0.02764,-0.056,
,,,0.027648,-0.296,
,,,0.027656,-0.124000005,
,,,0.027664,-0.032,
,,,0.027672,-0.476,
,,,0.02768,-0.048,
,,,0.027688,-0.41200003,
,,,0.027696,-0.09200001,
,,,0.027704,-0.032,
,,,0.027712,-0.34800002,
,,,0.02772,-0.040000003,
,,,0.027728,-0.504,
,,,0.027736,-0.076000005,
,,,0.027744,-0.032,
,,,0.027752,-0.24800001,
,,,0.027759999,-0.040000003,
,,,0.027768,-0.568,
,,,0.027776,-0.068,
,,,0.027784,-0.09200001,
,,,0.027792,-0.18,
,,,0.0278,-0.040000003,
,,,0.027808,-0.61600006,
,,,0.027816,-0.056,
,,,0.027824,-0.24000001,
,,,0.027832,-0.132,
,,,0.02784,-0.032,
,,,0.027848,-0.528,
,,,0.027856,-0.048,
,,,0.027864,-0.36400002,
,,,0.027872,-0.108,
,,,0.02788,-0.032,
,,,0.027888,-0.39600003,
,,,0.027896,-0.040000003,
,,,0.027904,-0.476,
,,,0.027912,-0.08400001,
,,,0.02792,-0.040000003,
,,,0.027928,-0.28,
,,,0.027936,-0.040000003,
,,,0.027944,-0.544,
,,,0.027952,-0.068,
,,,0.02796,-0.048,
,,,0.027968,-0.208,
,,,0.027976,-0.032,
,,,0.027984,-0.6,
,,,0.027992,-0.032,
